1202									
0	2525.12	4084080	0.00542947	1.45988	2500	0.027873	1E-010	1E-010	2.99321
6	2507.77	4083680	0.176697	1.13304	2500.68	0.0250082	1E-010	0.0562229	2.99172
12	2574.89	4083500	0.325058	1.00442	2496.69	0.0222524	1E-010	1.5736	2.99739
18	2503.57	4083420	0.454194	0.953725	2499.59	0.0197138	1E-010	1.94201	2.9937
24	2766.93	4083300	0.564671	0.811849	2495.63	0.0171243	0.582263	0.996186	3.00086
30	2656.45	4083070	0.670663	0.740917	2496.61	0.0145923	0.475521	1.97154	3.01525
36	2577.31	4083310	0.750751	0.86135	2498.09	0.0122314	1.87135	3.64643	3.01756
42	2545.56	4082660	0.821937	0.170646	2503.88	0.0100491	0.266195	1E-010	2.99605
48	2306.07	4082970	0.883026	0.961649	2508.38	0.00801607	0.555554	1E-010	3.02017
54	2789.07	4082330	0.927536	0.264488	2502.81	0.00609693	0.279593	0.298791	3.02335
60	2550.47	4082220	0.976655	0.436089	2510.74	0.00433022	1.02061	0.16149	3.01316
66	2608.87	4082180	0.995759	0.380529	2507.79	0.00278722	0.164734	0.0758727	3.00505
72	2845.54	4082070	1.00839	0.779555	2507.99	0.00145039	0.117049	1E-010	2.99958
78	2491.26	4082200	1.01494	0.460648	2505.93	0.000241186	1E-010	1.61773	3.0061
84	2537.94	4081650	1.02299	0.510569	2506.14	-0.000835366	1E-010	1.63851	2.99043
90	2678.65	4081590	1.01911	0.566775	2502.95	-0.00159546	1E-010	1E-010	2.9992
96	2432.34	4081650	1.00476	0.341358	2500.34	-0.00242161	1E-010	1.11679	2.99633
102	2518.31	4081490	0.981914	0.422476	2504.08	-0.00306383	1E-010	0.112244	3.00753
108	2671.74	4081140	0.977389	0.661572	2503.7	-0.00357684	1E-010	1.85084	3.01671
114	2332.96	4081000	0.935423	0.53701	2506.18	-0.00380505	0.358739	0.795047	2.99352
120	2509.22	4080390	0.926849	0.452835	2512.95	-0.00408782	1.28327	1E-010	2.99378
126	2484.69	4081120	0.898369	0.693012	2514.16	-0.00416198	1.38865	0.114451	2.9987
132	2374.74	4080690	0.877724	0.577193	2514.13	-0.00428545	1.61087	0.450875	2.98863
138	2571.08	4080390	0.848911	0.645577	2520.72	-0.0042481	1E-010	1.59116	3.01951
144	2565.74	4080350	0.838885	0.928367	2520.59	-0.00421097	1.06266	0.478291	2.99536
150	2620.84	4079920	0.807663	0.735878	2519.4	-0.00398756	0.501468	1.11225	3.01143
156	2689.62	4079900	0.778478	0.965831	2526.27	-0.00372123	0.446037	4.00111	3.00692
162	2497.59	4079710	0.741047	0.588643	2523.32	-0.00326183	1E-010	1.24616	2.99379
168	2494.6	4079790	0.728509	0.902227	2522.62	-0.00302483	0.317625	1E-010	2.99944
174	2242.63	4080080	0.708884	0.850992	2522.46	-0.00266975	1E-010	0.450835	2.98739
180	2671.13	4079460	0.705532	0.959383	2524.31	-0.00256267	0.0213134	1.31867	3.01336
186	2532.11	4079060	0.685408	0.836532	2524.89	-0.00226913	0.229129	0.571853	3.00866
192	2447.77	4079260	0.670387	0.934293	2531.91	-0.00192955	0.886595	2.11384	3.0175
198	2225.76	4078620	0.665263	0.79182	2527.16	-0.00172127	1.11541	0.555418	3.00166
204	2524.04	4078910	0.647634	0.862548	2525.71	-0.00131389	1.1704	2.5672	3.01432
210	2452.49	4078790	0.642239	0.72276	2521.39	-0.00114434	1E-010	1.84556	3.00422
216	2517.83	4078930	0.638395	1.0202	2522.82	-0.000923994	0.172087	0.477954	2.99724
222	2421.12	4078440	0.634577	1.1048	2521.6	-0.000592163	1.22434	1.7693	2.99308
228	2737.57	4078720	0.628693	1.02011	2527.24	-0.000440307	1E-010	4.03628	3.00703
234	2394.29	4078450	0.633429	0.722666	2532.07	-5.85596E-005	1.09421	2.73523	2.9945
240	2338.02	4078310	0.61634	1.08718	2535.09	0.000210847	1E-010	1.05182	3.00172
246	2486.83	4078060	0.611065	1.20075	2538.56	0.000434016	1.30004	1.77107	3.00375
252	2575.38	4077900	0.619888	0.709557	2536.52	0.000576815	0.00502434	2.44698	2.99874
258	2572.5	4077470	0.624689	0.788096	2539.61	0.000663579	1.14134	2.38759	2.99107
264	2402.62	4077950	0.630305	1.16439	2543.6	0.000792736	1E-010	2.86144	2.99004
270	2607.72	4077460	0.640997	0.756745	2545.14	0.000875545	2.2989	3.38761	3.01848
276	2526.25	4077080	0.651315	0.923944	2551.4	0.000932421	1E-010	1.21825	3.00167
282	2615.36	4077160	0.656238	0.99145	2547.97	0.000884298	0.326253	0.741506	3.00529
288	2499.33	4076790	0.658124	0.886539	2544.58	0.000889409	0.118576	1.94555	2.99338
294	2599.33	4076660	0.672534	1.45596	2552.55	0.000768542	1E-010	1.02624	2.9978
300	2453.64	4076870	0.668067	0.884136	2548.53	0.00084811	1E-010	3.31872	2.98641
306	2283.39	4076750	0.675885	0.848213	2556.28	0.00103778	1.13378	2.22144	3.01557
312	2504.16	4076100	0.67835	0.959732	2560.42	0.00103099	1.62084	2.42166	3.00064
318	2342.62	4076270	0.687582	0.926082	2557.07	0.00110718	0.261746	2.24263	3.00711
324	2625.08	4076200	0.690639	1.00493	2559.15	0.00103755	0.990273	2.80089	3.00805
330	2462.13	4076380	0.690275	0.83678	2554.1	0.000910156	1E-010	2.96283	2.98972
336	2589.24	4075820	0.699489	0.678812	2551.75	0.000923917	0.935135	0.760183	3.00051
342	2397.18	4075610	0.720025	0.792272	2556.56	0.000847643	0.620106	0.424223	3.0049
348	2744.1	4075460	0.71885	0.749447	2561.38	0.000924759	1E-010	3.05333	3.00862
354	2561.93	4075560	0.712515	0.837775	2561.42	0.00106635	1E-010	2.4382	2.98926
360	2776.09	4075010	0.723116	0.811815	2565.69	0.00110923	2.13183	1.32116	3.02641
366	2388.63	4074640	0.727608	1.10017	2571.94	0.001078	1.21782	1.65741	3.01779
372	2628.44	4074890	0.722947	0.877207	2569.87	0.00115469	1.77711	3.47061	2.99921
378	2542.47	4074890	0.734774	0.894924	2569.92	0.00101807	1E-010	4.49462	2.99657
384	2592.73	4074770	0.740491	0.828726	2566.97	0.00107967	1.9633	3.03528	3.00188
390	2599.07	4074630	0.742415	1.142	2565.65	0.00108243	0.423311	2.53052	2.99822
396	2416.33	4074410	0.759978	0.705384	2566.41	0.000989918	1.7551	3.21057	3.00146
402	2615.56	4074290	0.762047	0.815285	2564.44	0.000938189	1.34139	1.94501	3.0113
408	2529.11	4074310	0.769452	0.902289	2563.97	0.000758556	1.90268	3.08869	2.97985
414	2637.29	4074040	0.77207	0.898388	2564.64	0.000737817	1.35431	2.40865	3.00207
420	2431.38	4073630	0.776651	1.12071	2563.25	0.000693233	0.0724803	2.25003	3.00159
426	2446	4073440	0.782287	0.854719	2561.81	0.000777509	0.28775	1.16741	2.99899
432	2424.06	4073320	0.789746	0.753789	2555.34	0.000645103	0.430898	3.45621	2.99484
438	2508.4	4073490	0.788026	0.937754	2556.28	0.000741792	1.67301	1.87971	2.99619
444	2302.61	4073380	0.786467	1.08842	2556.48	0.000763997	0.527338	3.51527	3.00683
450	2598.84	4072790	0.784241	0.894689	2561.01	0.000702668	0.906424	2.45338	2.98751
456	2494.16	4072880	0.805808	0.976071	2565.29	0.000709044	1E-010	3.3312	2.99273
462	2494.74	4072740	0.809751	0.873615	2560.49	0.000631814	2.13067	2.79296	2.99845
468	2571.02	4072370	0.810077	1.24171	2556.42	0.000564923	1.75601	4.12338	3.00214
474	2721.49	4072370	0.808952	0.614875	2559.33	0.000566863	1.49914	3.76013	3.00025
480	2455.04	4071890	0.80951	0.759746	2556.18	0.00052366	1.18159	3.90397	2.99173
486	2473.94	4072090	0.811432	0.994051	2571.98	0.000517371	1.51111	3.2092	2.99739
492	2756.79	4071880	0.827599	0.975517	2589.66	0.00049163	0.784933	4.29118	2.99643
498	2582.81	4071790	0.833187	0.766263	2610.24	0.000466322	0.745266	1.93779	3.00143
504	2515.48	4071860	0.829159	0.862225	2637.65	0.000492771	2.28126	4.41099	2.99628
510	2671.65	4071460	0.836675	0.585934	2659.07	0.000451456	1.46918	3.28868	3.00007
516	2617.95	4071570	0.837747	1.30742	2682.31	0.000495431	1E-010	2.66867	2.99147
522	2682.24	4071340	0.829082	0.747671	2711.86	0.000565362	0.184833	2.17486	3.01402
528	2835.52	4070870	0.837216	0.921068	2730.42	0.000583009	2.49234	2.33827	3.016
534	2669.74	4071100	0.845077	0.833853	2752.25	0.000538432	1E-010	2.73831	2.99878
540	2764.41	4070820	0.851424	0.607588	2777.83	0.00056439	2.31398	2.69621	2.9879
546	2870	4070560	0.853112	0.865064	2805.51	0.00054222	1.28558	2.10262	3.01607
552	3006.62	4070810	0.856212	1.22719	2826.73	0.000584163	2.18108	2.13556	3.01967
558	2995.33	4070520	0.86018	0.976122	2850.33	0.000536421	0.488912	3.67754	2.99204
564	2862.98	4069900	0.868241	0.965366	2869.16	0.000509577	1E-010	2.64236	2.99705
570	2880.5	4069660	0.870539	0.842887	2884.49	0.000449174	1E-010	3.78834	3.00271
576	3063.45	4069890	0.8757	1.08505	2905.6	0.000440417	2.15204	2.41245	3.00381
582	2737.42	4069640	0.88299	1.25913	2930.45	0.000514908	0.117309	2.17281	2.99319
588	2984.57	4069420	0.881653	0.69845	2955	0.000610247	0.656774	3.34563	3.00881
594	3167.95	4069140	0.87939	1.0666	2978.8	0.000703542	0.73396	2.25827	2.99706
600	3065.48	4069020	0.884726	1.38291	3003.15	0.000630755	1.21221	3.77638	3.0089
606	3042.89	4068920	0.886381	1.27997	3021.06	0.000793616	1.42725	4.02628	3.00473
612	3082.93	4068420	0.890624	0.88895	3046.52	0.000880322	0.409718	3.97395	2.99997
618	3067.46	4068110	0.888658	0.883735	3062.21	0.000883315	1.18798	3.38503	3.00868
624	3061.25	4068160	0.912665	1.00923	3083.38	0.000784223	1.27741	3.58507	3.00147
630	3200.58	4067900	0.918253	0.56892	3107.77	0.000808429	3.20687	3.21757	3.00451
636	2863.6	4067370	0.919147	0.882992	3123.79	0.000822393	1.62883	3.71749	2.99302
642	3275.25	4067240	0.930373	0.983195	3142.59	0.000810389	0.625608	3.42079	3.01165
648	3273.51	4067250	0.924448	0.73064	3157.44	0.000858418	1.8088	2.41856	3.00995
654	3006.16	4067100	0.928472	0.955562	3181.95	0.000854514	0.89926	3.26961	2.9917
660	3239.16	4066630	0.941936	1.04546	3204.2	0.000861685	1.11505	3.97262	3.00504
666	3408.64	4066600	0.94636	0.887008	3221.04	0.000754684	2.11252	4.41421	2.99868
672	3322.52	4066230	0.962691	0.982498	3239.41	0.000828698	1.74549	4.55105	3.01349
678	3252.2	4065900	0.947954	0.978998	3259.63	0.000946674	0.698908	1.58704	3.02209
684	3246.05	4065860	0.958268	0.536495	3285.54	0.000986053	1E-010	3.4847	2.98797
690	3106.27	4065680	0.968635	1.20026	3301.05	0.00101493	3.299	4.63116	3.02206
696	3324.26	4065250	0.972046	0.730612	3317.57	0.00102846	1.51523	4.29368	2.98405
702	3306.28	4065200	0.975038	0.727846	3343.72	0.00112607	1E-010	3.45948	2.99046
708	3507.09	4064990	0.974833	1.02713	3367.76	0.00119518	0.0934568	6.38061	3.00272
714	3323.41	4064670	0.985807	1.15253	3392.02	0.00113309	1.44795	4.39835	2.998
720	3406.4	4064220	0.990041	0.915362	3416.2	0.00112265	0.951653	2.14908	3.01037
726	3492.56	4064370	0.999472	0.739027	3436.72	0.00110852	1.9739	4.40095	2.98302
732	3387.32	4063940	1.0159	1.10722	3452.1	0.00109908	2.34461	4.59229	2.98733
738	3464.15	4063580	1.01386	0.80031	3477.56	0.00101082	1E-010	4.45349	3.00145
744	3568.81	4063230	1.02268	0.918681	3495.88	0.00103667	0.164843	3.84112	3.02384
750	3637.35	4063050	1.02179	1.19994	3518.87	0.00117825	2.04923	5.18892	3.01276
756	3616.05	4062810	1.03326	0.981382	3543.27	0.00121356	1.80857	2.79794	3.00703
762	3501.34	4062390	1.04716	1.07855	3568.71	0.00117202	2.0217	5.44867	2.99378
768	3521.92	4062200	1.05128	1.01863	3593.75	0.00125999	3.93486	4.3709	2.99425
774	3428.45	4062090	1.05123	0.890585	3612.97	0.00126331	0.0523035	4.16659	3.0117
780	3311.94	4061930	1.05065	0.890103	3634.86	0.00122407	1.7235	5.32186	2.98917
786	3630.22	4061660	1.06231	1.01461	3659.15	0.001217	1.06593	4.23455	2.99787
792	3781.9	4061740	1.07803	1.09071	3675.93	0.00113299	0.68858	3.66596	2.99291
798	3602.1	4061200	1.08737	0.710344	3701.43	0.00112287	2.50355	4.60672	2.98273
804	3781.08	4060800	1.08969	0.691636	3725.02	0.00122193	2.83017	3.02134	3.01678
810	3804.24	4060510	1.096	0.906777	3747.54	0.00106905	3.55102	3.84418	2.98791
816	3850.8	4060400	1.10618	0.871552	3769.05	0.00116252	1.49802	5.45795	3.00113
822	3665.17	4059840	1.11468	1.1492	3794.83	0.00115384	0.712923	4.07662	2.98662
828	3565.22	4059460	1.11434	0.947763	3820.15	0.00121152	1.20993	6.55899	3.00592
834	3830.39	4059530	1.12175	0.783864	3847.01	0.00113447	0.514428	5.48522	2.99881
840	3986.53	4059030	1.12717	0.668571	3869.48	0.00124165	2.42355	4.57278	2.99232
846	3951.86	4058530	1.13214	0.967302	3889.57	0.00136297	1.96761	5.26036	2.99225
852	3793.21	4058820	1.15336	1.03426	3913.3	0.00123561	1.76232	4.89236	2.97414
858	3912.21	4057860	1.16689	0.914464	3937.96	0.00114547	1.71689	5.08144	2.9786
864	3926.38	4057860	1.1581	0.995892	3963.81	0.0011057	1.85697	4.6762	3.00385
870	4077.48	4057410	1.17652	1.06113	3981.24	0.000898405	0.524869	3.53111	2.99068
876	3875.51	4057160	1.1843	0.554637	4007.29	0.000871041	1E-010	7.05777	2.99734
882	3990.09	4056540	1.20082	0.894306	4025.66	0.000767516	1.15513	6.20234	3.00838
888	4136.97	4056520	1.19858	1.0395	4055.04	0.000836888	1E-010	3.56262	2.99197
894	4063.04	4056150	1.21405	0.835472	4081.6	0.000866129	0.953037	5.64823	3.00224
900	3926.75	4055560	1.21551	0.887861	4102.71	0.000954055	2.23902	5.08497	3.00528
906	4127.08	4055840	1.22603	1.2325	4119.83	0.00116741	2.03221	6.00895	2.9975
912	4246.83	4055260	1.20933	0.857506	4143.94	0.00120413	0.696107	5.3155	3.00733
918	4127.05	4054880	1.2095	0.705871	4163.9	0.00138486	1.84876	6.27948	2.99406
924	4230.91	4054510	1.23259	1.0108	4184.99	0.00139521	0.960684	6.31748	2.97952
930	4190.87	4054150	1.2369	0.869162	4205.23	0.00139372	1.21312	6.50661	3.0059
936	4080.12	4053720	1.24284	1.0543	4231.12	0.00154977	0.304777	5.29986	2.991
942	4124.22	4053390	1.25513	1.08156	4247.92	0.00158471	2.34413	5.4631	3.0143
948	4225.13	4053150	1.2549	0.917721	4268.45	0.00161262	1.43456	6.72002	2.98209
954	4533.29	4052790	1.27131	0.606786	4293.55	0.00161845	4.1645	5.82027	2.99398
960	4301.88	4052340	1.28804	1.15544	4320.87	0.00151377	1.1098	5.19098	2.99484
966	4031.32	4051980	1.28559	0.781088	4337.78	0.00162676	1.31926	4.87714	2.99192
972	4258.58	4051510	1.29847	1.06484	4364.97	0.00154669	0.408409	8.6796	2.99801
978	4397.89	4051280	1.31083	0.930924	4383.71	0.001641	4.1147	6.57767	3.01411
984	4496.89	4051060	1.31302	0.659686	4409.14	0.0016317	2.05976	4.32801	2.98971
990	4384.77	4050870	1.3322	1.16665	4432.19	0.00159626	4.41903	5.60892	3.00703
996	4492.29	4050310	1.33326	1.52145	4456.67	0.00170652	3.78872	7.06808	2.9821
1002	4318.89	4049640	1.34567	1.25955	4481.42	0.00168261	3.78609	6.3225	3.01442
1008	4268.68	4049890	1.36423	0.912274	4503.02	0.00156342	3.24329	8.85556	2.99085
1014	4338.5	4049670	1.36243	1.09027	4523.23	0.00157921	1.34328	7.85163	3.00509
1020	4390.47	4048960	1.36869	0.755541	4542.21	0.00162681	2.6457	5.04611	3.01189
1026	4597.13	4048560	1.39594	0.861428	4563.82	0.00152599	3.12967	6.28	3.00486
1032	4603.13	4047960	1.39929	0.902095	4587.72	0.00145033	3.19368	6.37514	2.98128
1038	4611.48	4047680	1.40428	0.850739	4602.98	0.00152635	3.0213	5.11158	2.98697
1044	4838.17	4047780	1.41504	0.711941	4623.14	0.00164042	3.15806	7.00645	2.99881
1050	4524.47	4047130	1.41739	1.08841	4641.32	0.001648	0.864394	7.09146	3.00286
1056	4697.13	4046360	1.43012	0.809247	4662.22	0.00160844	2.75806	7.56781	3.01609
1062	4754.84	4046150	1.45295	1.08118	4680.95	0.00152599	1.46787	6.80537	3.00298
1068	4641.18	4045160	1.45905	0.809616	4702.74	0.00154711	1.39698	5.85471	2.99528
1074	4707.44	4045410	1.46561	0.992117	4727.73	0.00166009	4.32925	7.52835	2.99565
1080	4750.14	4044850	1.46742	0.641083	4743.43	0.00161177	2.0477	6.03761	2.99097
1086	4698.09	4044580	1.4765	1.30415	4767.04	0.00167952	2.54466	6.27334	3.00111
1092	4689.31	4044200	1.49063	0.84811	4794.72	0.00168993	2.17248	6.89999	3.00616
1098	4848.37	4043810	1.51266	0.948805	4816.46	0.00149697	2.38153	7.59769	3.00439
1104	4792.62	4043130	1.51358	1.17999	4843.48	0.00163198	2.94104	6.13636	3.00872
1110	4962.3	4042620	1.52076	0.856607	4867.12	0.00170507	0.0595371	8.46034	3.00218
1116	4703.9	4042500	1.53866	0.878156	4882.07	0.00170423	1.45983	7.07651	3.00469
1122	4929.8	4041620	1.54206	0.714903	4908.26	0.00160777	4.30566	8.93374	3.00526
1128	4792.92	4041780	1.56556	0.971823	4924.9	0.00152568	1.48455	6.98343	2.99768
1134	4636.34	4041190	1.57539	0.654271	4944.1	0.00141203	3.92518	6.82369	3.01135
1140	4822.67	4040890	1.57884	0.823872	4961.35	0.00144765	2.47873	7.80039	3.00232
1146	4815.66	4040680	1.59538	1.16897	4985.77	0.00161121	2.25752	9.53682	3.00907
1152	5041.47	4039900	1.59465	1.20655	5007.38	0.00164024	2.60122	7.58009	2.98287
1158	4943.95	4039960	1.61369	0.815685	5025.55	0.00158825	4.19106	6.30512	3.00607
1164	4932.19	4039120	1.60863	1.02526	5049.27	0.00161916	2.48867	7.23127	3.01617
1170	4992.67	4038930	1.62719	1.04873	5067.31	0.00166293	4.57573	7.88731	2.98908
1176	5002.85	4038500	1.63504	0.916286	5089.69	0.0017107	3.99256	8.39215	3.00795
1182	5320.65	4037940	1.641	0.998649	5113.73	0.00188662	2.84367	5.48848	2.99747
1188	5242.14	4037320	1.64171	1.08384	5132.06	0.00201688	3.94944	9.10036	3.02422
1194	5346.93	4036610	1.66306	1.24049	5159.23	0.00202393	3.26992	9.42734	2.99995
1200	4922.17	4036330	1.67738	0.928551	5178.52	0.00207605	5.06223	6.48324	2.98772
1206	5074.36	4036090	1.68581	0.848081	5174.61	0.00220957	2.99437	9.22986	2.99202
1212	5212.9	4035800	1.69038	1.38548	5171.25	0.00221566	3.73194	9.6382	2.98403
1218	5421.02	4034820	1.70693	0.559012	5172.72	0.00217657	3.21699	9.63422	2.97602
1224	5231.11	4034390	1.70888	0.562816	5177.08	0.00230961	1.81316	8.09864	2.98671
1230	5377.06	4034080	1.73065	1.24355	5173.25	0.00228442	3.75559	9.81281	2.99462
1236	5411.16	4033380	1.75266	1.04528	5176.16	0.00218861	3.92074	7.60799	2.99724
1242	5350.54	4033170	1.75872	1.01754	5181.59	0.00218998	2.44601	8.61481	2.99852
1248	5165.49	4032870	1.76648	0.915234	5181.07	0.00209308	4.36394	8.35492	2.96971
1254	5291.08	4032580	1.78881	1.19232	5184.2	0.00201979	4.25571	11.0235	3.0101
1260	5041.48	4031600	1.80821	1.34329	5182.74	0.00192003	5.26113	7.12237	2.98952
1266	5397.39	4031250	1.81423	1.02249	5186	0.00193609	2.40631	8.18492	3.00574
1272	5421.91	4030720	1.82932	1.28542	5187.36	0.00186975	4.91552	9.8655	2.9877
1278	5156.45	4030430	1.83949	0.787256	5186.02	0.00188892	5.06104	10.4378	2.98825
1284	5316.97	4030030	1.8457	0.948229	5185.79	0.00208407	4.02434	10.6578	3.00099
1290	5431.82	4029390	1.85797	0.683009	5192.17	0.00207974	3.93437	9.48694	3.00359
1296	5252.84	4028690	1.87598	0.836854	5191.19	0.00205454	3.45563	8.69963	3.00454
1302	5306.07	4028190	1.8794	0.866182	5191.16	0.00206736	3.66209	10.9443	2.99896
1308	5171.93	4027700	1.88922	0.847344	5186.75	0.00213527	3.96491	9.94884	2.99837
1314	5189.86	4027390	1.90241	1.12025	5194.59	0.00210008	2.93283	9.35978	2.99098
1320	5285.18	4026970	1.90377	1.06158	5198.31	0.00213064	5.63043	10.9246	2.98358
1326	5193.01	4026930	1.9272	0.913397	5199.46	0.00206867	4.32606	9.43057	3.00297
1332	5415.84	4026180	1.93367	0.836262	5195.19	0.00222776	3.35352	9.37444	2.99475
1338	5184.18	4025740	1.93372	1.1713	5200.02	0.00227217	4.61644	9.12416	3.00609
1344	5056.64	4025360	1.95187	0.891897	5198.79	0.00230465	3.45385	10.9011	3.00645
1350	5063.83	4024930	1.97797	1.02853	5195.84	0.00214261	5.37791	8.45773	3.0007
1356	5301.39	4024060	1.97511	1.33414	5192.62	0.00210011	6.46436	9.31233	3.0147
1362	5006.3	4024030	1.9823	1.22453	5196.78	0.00218699	4.35116	11.0591	3.01754
1368	5087.9	4023780	1.99747	0.841271	5199.17	0.00216979	3.86797	8.09044	3.00684
1374	5428.71	4022850	2.01824	0.722183	5199.6	0.0021088	5.01711	8.61322	2.98546
1380	5301.43	4022330	2.02612	1.0625	5198.61	0.00200345	3.74217	10.834	3.02534
1386	5331.7	4022170	2.04706	0.856237	5201.15	0.00187652	4.26556	8.34115	3.0086
1392	5257.12	4021370	2.06332	0.857955	5205.08	0.00184041	4.24205	11.3576	2.99738
1398	5228.15	4020950	2.0638	0.916742	5207.67	0.00175677	4.69346	9.40417	2.99123
1404	4948.59	4020300	2.08616	0.975517	5205.04	0.00177471	4.83976	9.64821	3.01326
1410	5217.92	4020250	2.10517	0.748053	5205.11	0.00162229	3.76447	10.8808	2.97829
1416	5215.22	4019820	2.10091	0.754305	5206.3	0.00172498	3.07945	8.41448	2.99339
1422	5167.52	4018680	2.11241	0.962676	5207.48	0.00176278	2.86759	9.61341	2.99418
1428	5325.49	4018610	2.12548	0.637567	5209	0.00172115	4.94018	9.33206	2.99769
1434	5080.97	4018150	2.13464	0.419188	5204.3	0.00171342	4.25937	8.94367	3.00168
1440	5124.33	4018000	2.16015	0.465435	5208.25	0.00158362	3.93866	11.1231	2.97629
1446	5261.68	4017390	2.16455	0.890565	5213.97	0.00160521	5.94991	9.63836	3.00939
1452	5228.81	4016770	2.1725	0.749887	5209.66	0.00165454	6.13625	10.4273	2.98895
1458	5173.01	4016380	2.17377	0.651414	5208.51	0.00167734	5.59505	9.47472	3.00597
1464	5111.07	4015820	2.18141	0.95272	5204.14	0.001677	4.19662	11.8025	3.01279
1470	5335.3	4015590	2.19984	0.936593	5206.56	0.00162333	3.48676	8.96174	3.01687
1476	5241.57	4015090	2.2196	1.25598	5214.07	0.00157372	2.66901	11.1962	3.02459
1482	5302.36	4014700	2.22777	1.10351	5215.21	0.0015823	5.42682	12.1794	3.00369
1488	5157.48	4014170	2.24303	1.16137	5221.1	0.00153438	4.58827	11.4412	3.00218
1494	5147.9	4013650	2.24265	0.847959	5225.83	0.00154462	5.02041	9.9515	3.01753
1500	5274.83	4013200	2.26956	1.02643	5225.08	0.00141819	6.74093	10.3392	3.00946
1506	5279.56	4012930	2.27742	1.22513	5228.08	0.00135125	4.23507	10.231	3.00922
1512	4999.37	4012230	2.29457	0.831609	5226.02	0.00148003	6.28413	10.1162	2.98721
1518	5415.06	4012070	2.28061	1.21578	5226.95	0.00156149	4.59989	10.1511	3.00612
1524	5303.09	4010840	2.30595	1.16287	5226.42	0.00162813	4.68996	9.68733	3.01706
1530	5462.86	4010730	2.31554	1.12765	5224.89	0.00174206	5.77572	9.79057	2.99578
1536	5051.7	4010610	2.31738	0.983617	5227.82	0.00181116	5.06067	11.6887	2.99081
1542	5163.11	4009840	2.33071	0.938685	5230.02	0.00179561	3.01218	9.97276	3.01298
1548	5250.63	4009740	2.32399	0.930803	5231.46	0.00190235	6.08443	11.4315	2.99934
1554	5349.26	4008690	2.34512	1.01377	5239.19	0.00195762	5.70996	11.1871	2.99162
1560	5486.07	4008440	2.35705	0.872896	5236.72	0.00203205	5.07311	10.3133	3.01658
1566	5143.99	4008150	2.3607	1.1411	5240.92	0.00214819	5.11876	10.3522	3.00093
1572	5383.16	4007760	2.3771	1.1621	5241.11	0.00208213	4.0293	12.4909	2.99504
1578	5233.71	4007390	2.39216	0.410711	5245.03	0.00199709	5.65927	11.188	3.01103
1584	5219.79	4006850	2.4	0.96105	5245.07	0.00218301	5.39522	10.7986	3.00131
1590	5157.87	4006080	2.41204	1.01125	5249.2	0.00218381	5.96037	10.8019	2.98976
1596	5049.6	4005910	2.418	1.29622	5250.97	0.00215969	5.1486	11.917	2.98796
1602	5239.53	4005080	2.44569	0.857384	5257.53	0.00200267	6.20624	11.0307	2.99551
1608	5322	4005170	2.45958	1.06968	5255.13	0.0020395	5.96428	9.55255	3.0004
1614	5217.41	4004350	2.46121	0.948962	5257.58	0.00214642	5.19828	10.9452	2.99382
1620	5232.8	4004210	2.46835	0.807619	5260.69	0.00210967	4.57434	12.0415	3.01608
1626	5308.88	4003610	2.48352	0.795436	5264.06	0.00212933	5.38902	11.2438	3.00027
1632	5190.36	4003230	2.4929	1.35764	5259.34	0.00212649	6.06359	12.864	3.0108
1638	5033.2	4003080	2.51027	0.9877	5258.43	0.00203275	5.63252	12.0628	2.97328
1644	5315.93	4002020	2.52426	1.09845	5257.98	0.00193914	4.82408	10.8556	3.00107
1650	5468.04	4001580	2.5352	1.00654	5255.14	0.00195931	5.1408	10.0551	3.00189
1656	5234.04	4001530	2.54361	0.933442	5251.86	0.00211768	5.64929	10.6738	2.99224
1662	5287.61	4000810	2.56556	0.63371	5252.55	0.00206554	4.63301	11.2434	2.99796
1668	5157.42	4000260	2.55676	0.96813	5255.95	0.00200583	4.24674	11.0967	3.00569
1674	5348.38	3999720	2.58598	0.757983	5257.59	0.00199981	4.48647	11.0969	3.0084
1680	5465.97	3999890	2.59263	1.18692	5253.37	0.0020459	5.85999	10.8837	2.98671
1686	5120.51	3999060	2.59581	0.844054	5253.65	0.00201847	4.83305	12.5504	2.99802
1692	5003.75	3998610	2.62235	0.975307	5251.04	0.00188657	4.45877	10.3466	3.02427
1698	5286.94	3998290	2.6215	1.02456	5245.24	0.00176253	6.59094	11.9842	3.01044
1704	5373.64	3997640	2.63643	1.32667	5244.68	0.00185184	6.14238	12.1831	3.00367
1710	5202.39	3997400	2.64868	1.05762	5240.3	0.00175322	5.01559	12.1996	3.00665
1716	5111.37	3996880	2.65604	0.746805	5234.85	0.00181893	6.0189	11.3345	2.99124
1722	5248.01	3996330	2.67654	1.04799	5232.7	0.00178878	5.9059	11.6371	3.01206
1728	5088.88	3995770	2.68643	0.942083	5230.8	0.0017798	5.18003	10.9963	2.98524
1734	5153.34	3995680	2.69164	1.01339	5235.3	0.00180344	3.93721	12.865	3.00375
1740	5137.93	3995470	2.69707	1.01711	5234.03	0.00194246	4.7559	11.5471	2.9934
1746	5283.16	3994690	2.7099	1.22368	5234.86	0.00198917	5.86477	13.0057	3.00588
1752	5009	3994240	2.72393	1.02332	5239.72	0.00193745	7.10568	10.9722	3.00651
1758	5102.43	3994200	2.73198	1.05731	5241.97	0.00180192	5.03847	11.492	3.00423
1764	5437.7	3993450	2.74224	1.06341	5245.75	0.00181558	5.0285	10.3031	2.99079
1770	5089.9	3993000	2.76983	1.32877	5245.1	0.00174559	6.76634	12.6872	3.00484
1776	5335.86	3992700	2.77134	1.03031	5249.43	0.0016387	5.28423	11.4442	2.99179
1782	5356.14	3992010	2.78624	0.799744	5255.26	0.00169095	7.67953	12.4973	2.98424
1788	5239.03	3990910	2.78889	1.11983	5255.42	0.0018238	5.46361	11.4858	3.01062
1794	5226.21	3990710	2.79893	0.868073	5258.86	0.00178247	5.68204	11.8791	3.01517
1800	5271.75	3990830	2.81533	0.963498	5262.29	0.00184943	6.04492	12.9275	2.99488
1806	5257.77	3990320	2.81718	1.17592	5268.25	0.00178358	4.28385	12.1712	2.99655
1812	4881.72	3989670	2.83606	1.09434	5272.92	0.00177414	5.8103	10.3717	2.99067
1818	5287.53	3989150	2.84863	0.688272	5276.38	0.00178164	5.68181	11.6567	3.00293
1824	5111.47	3988670	2.85917	0.934031	5275.8	0.00179965	5.74155	12.9673	3.00447
1830	5321.41	3988500	2.85911	0.945348	5272.89	0.00177744	6.23245	10.6761	2.99641
1836	5333.56	3987570	2.87766	0.810477	5277.16	0.00170035	6.47574	11.9351	2.99832
1842	5234.82	3987460	2.88816	1.26494	5273.44	0.0017451	4.72064	12.2781	3.0075
1848	5214.93	3987000	2.90774	0.921814	5272.63	0.00167623	5.40994	12.4818	3.01165
1854	5209.26	3986670	2.91658	1.16327	5275.86	0.00164258	7.96289	12.6192	2.99623
1860	5191.78	3985720	2.93391	0.783544	5280.6	0.00159401	6.80857	13.3148	2.99944
1866	5347.07	3985800	2.93258	1.02163	5279.86	0.0017332	7.84192	11.5368	2.9927
1872	5243.04	3985200	2.93356	0.862119	5284.97	0.00175606	5.0428	11.9893	3.00952
1878	5375.93	3984800	2.94686	0.8422	5281.51	0.00177809	6.10299	11.9727	2.98919
1884	5098.09	3984230	2.96773	1.05425	5283.01	0.00174907	7.96518	11.1023	3.00261
1890	5405.87	3983670	2.97538	0.867706	5277.31	0.00172584	7.50842	11.6962	3.00068
1896	5368.49	3982900	2.98465	0.772701	5282.98	0.00160297	6.62678	11.8103	3.00177
1902	5511.48	3983030	3.00779	0.971046	5280.81	0.00162341	7.58256	13.2125	2.98249
1908	5369.83	3982370	3.02536	0.665433	5286.63	0.0016272	8.01428	11.0158	2.99546
1914	4885	3981880	3.01952	1.16333	5283.78	0.00166181	7.48996	12.087	2.99212
1920	5460.89	3981030	3.03366	0.886948	5281.2	0.00158499	6.65075	12.2696	2.98992
1926	5271.86	3981340	3.04083	0.823846	5276.7	0.00175828	4.91822	12.0049	3.01555
1932	5307.92	3980850	3.04733	0.694008	5275.38	0.00180039	6.02567	13.8787	3.00501
1938	5411.59	3980450	3.05921	0.681286	5279.69	0.00185178	7.83031	11.175	2.99337
1944	5284.56	3979730	3.0801	1.32074	5273.85	0.00188713	7.33371	11.8139	3.01535
1950	5388.53	3979280	3.07522	0.720303	5279.86	0.00196349	6.49738	10.1388	3.0315
1956	5255.92	3978640	3.08632	0.879905	5284.9	0.001908	6.61371	13.4493	3.00277
1962	5175	3978410	3.1033	0.651707	5290.57	0.00183065	6.13384	13.1798	3.00526
1968	5559.83	3977650	3.11492	1.1082	5290.84	0.00178559	7.29618	12.7408	3.01598
1974	5410.38	3977430	3.13117	0.657651	5289.18	0.00180031	7.58295	11.9587	2.99639
1980	5290.32	3976990	3.14746	1.18305	5295.52	0.00178608	7.4293	13.567	2.99821
1986	5284.41	3977010	3.15782	1.30166	5298.98	0.00171542	7.24169	12.9681	3.0049
1992	5147.85	3975710	3.17475	1.01809	5298.46	0.00171304	5.45545	12.6771	3.00086
1998	5216.24	3975600	3.19234	0.640237	5296.9	0.00172758	8.06764	12.1834	3.01739
2004	5459.42	3974910	3.18608	0.825414	5297.74	0.00167753	7.63033	14.1134	3.00342
2010	5329.76	3974860	3.19431	1.03377	5295.39	0.00174854	5.95024	11.9157	3.01357
2016	5283.32	3974060	3.20678	1.15765	5292.76	0.00187416	6.77696	11.1031	2.98901
2022	5300.44	3973470	3.21773	0.924439	5289.63	0.00197586	6.65595	13.0424	2.98363
2028	5015.55	3973330	3.22412	1.09801	5286.75	0.001993	7.34652	12.9029	3.00844
2034	5383.86	3972880	3.23481	1.15112	5290.78	0.00204859	7.29668	10.7963	3.0105
2040	5390.55	3972610	3.23657	0.979088	5290.98	0.00210041	5.69926	13.2485	3.00457
2046	5334.16	3971970	3.25145	1.01284	5287.46	0.00204109	8.27082	13.8832	3.00068
2052	5174.71	3971760	3.26864	0.775645	5288.46	0.00188288	5.80359	12.2904	2.99418
2058	5258.32	3971170	3.28291	0.90995	5293.81	0.00194734	7.78744	13.3923	2.99037
2064	5385.14	3970850	3.29844	0.642344	5296.33	0.00189911	7.29477	11.7349	2.99575
2070	5214.38	3970550	3.31431	1.24959	5300.98	0.00179623	6.4437	13.2604	3.02968
2076	5253.19	3969690	3.32158	0.943577	5304.23	0.00187996	5.61255	12.6384	3.01613
2082	5107.76	3969380	3.33631	0.994085	5298.43	0.00186405	6.02242	13.526	3.02636
2088	5199.5	3968490	3.33188	1.1255	5297.86	0.00190992	6.66055	12.4743	3.00587
2094	5514.07	3968360	3.34132	0.83323	5294.09	0.00195347	7.86556	11.7329	2.99589
2100	5236.12	3968060	3.35931	1.14212	5290.72	0.00195322	6.64114	13.0184	2.99035
2106	5218.14	3967760	3.37746	0.944324	5298.48	0.00194005	6.81693	12.3214	3.00531
2112	5162.01	3967060	3.37972	0.882665	5301.28	0.00200035	7.38825	13.0556	2.99982
2118	5463.23	3966440	3.39901	0.770947	5304.05	0.00184344	9.25817	13.6767	2.99466
2124	5255.21	3965960	3.41308	1.09442	5298.92	0.00179512	6.68509	11.6204	2.97476
2130	5399.94	3965570	3.42547	0.728268	5298.16	0.00185339	6.40045	13.0631	3.00719
2136	5308.02	3965190	3.43559	0.850214	5293.28	0.00186595	7.6139	11.862	2.9906
2142	5319.72	3964550	3.43795	1.07312	5291.74	0.00186164	5.14568	12.8262	2.98052
2148	5480.73	3964040	3.45218	0.878146	5293.75	0.00176593	7.12326	13.4298	2.9798
2154	5313.22	3964060	3.45956	1.01045	5293.78	0.00183909	7.59777	13.1574	2.99947
2160	5597.49	3963020	3.47632	0.816322	5294.62	0.00177815	7.94277	14.0704	2.98381
2166	5209.21	3962810	3.49586	1.00756	5298.19	0.0017992	7.19527	14.4535	3.0009
2172	5312.87	3962550	3.4908	0.81911	5294.71	0.00183633	7.50994	13.9195	2.97815
2178	5322.29	3961380	3.511	1.22073	5295.95	0.00183373	6.33952	13.1085	3.00151
2184	5262.32	3961550	3.52389	0.981745	5298.77	0.00180361	8.18208	13.352	3.00512
2190	5330.5	3960660	3.53079	0.904959	5298.72	0.00166948	7.23708	13.2342	3.00086
2196	5283.37	3960820	3.54788	0.710043	5299.09	0.00172587	7.50078	11.1896	2.99807
2202	5323.15	3960170	3.54767	0.885094	5298.64	0.00181732	7.55895	13.4144	3.00591
2208	5319.23	3959750	3.55711	0.868645	5291.75	0.00184262	7.61918	13.2862	3.00764
2214	5232.12	3959200	3.56158	1.05482	5296.45	0.00186012	6.77544	13.4811	2.99249
2220	5299.68	3958500	3.57791	0.86757	5296.65	0.00190603	7.15761	13.1487	2.9963
2226	5234.85	3958180	3.59516	1.1928	5295.58	0.00176073	8.03593	13.5311	2.99775
2232	5476.04	3957910	3.60846	0.742534	5296.67	0.00166656	7.92087	15.0842	2.98071
2238	5113.73	3957480	3.61401	1.04486	5298.01	0.0016584	7.39439	14.0847	2.99576
2244	5387.88	3957090	3.6331	1.11502	5295.06	0.0015652	8.22158	14.6348	3.01071
2250	5057.94	3956760	3.63515	0.844783	5301.11	0.00170172	7.73104	14.344	2.98739
2256	5026.7	3956220	3.64209	0.800535	5308.66	0.00166822	4.86921	14.5631	3.00085
2262	5202.29	3955790	3.66348	0.89993	5307.42	0.00156882	6.67288	12.9717	3.01059
2268	5336.41	3955780	3.66616	0.529059	5305.26	0.00153066	6.61994	12.8758	3.01723
2274	5190.14	3954650	3.69413	1.17593	5302.95	0.00154954	5.26026	13.8094	2.99658
2280	5087.82	3954460	3.68684	0.801392	5307.5	0.00159047	7.482	14.2925	2.99964
2286	5349	3953890	3.694	1.12605	5310.92	0.00168267	8.11866	14.1097	2.99726
2292	5351.55	3953670	3.70521	0.652937	5310.1	0.00168772	6.36698	11.7748	2.99754
2298	5590.79	3952960	3.7151	0.695647	5308.03	0.00163369	8.31481	12.3023	2.98994
2304	5368.77	3952690	3.72587	0.678945	5307.42	0.00169145	8.00416	13.4887	3.00471
2310	5340.13	3952290	3.74767	1.01597	5309.37	0.00169963	7.10816	13.1588	2.99297
2316	5272.68	3951730	3.74181	0.964048	5314.52	0.00189053	5.12136	13.3007	2.99846
2322	5436.13	3951320	3.74833	0.952226	5319.29	0.00192198	9.15808	11.7545	3.00115
2328	5429.64	3951060	3.76853	1.24655	5321.31	0.00192188	7.7447	11.8787	2.99508
2334	5349.42	3950430	3.77679	1.21314	5314.99	0.00197656	8.23588	11.9593	3.00463
2340	5413.22	3949980	3.78978	0.835972	5310.01	0.00192047	8.57208	11.8482	2.99814
2346	5078.4	3949240	3.81215	0.578982	5314.41	0.0018637	9.36819	13.3588	2.99252
2352	5250.85	3949260	3.80777	0.905103	5318.61	0.0019202	7.6364	13.1466	2.99843
2358	5417.05	3948590	3.81799	0.703207	5319.15	0.0020952	8.94791	13.5918	3.01994
2364	5431.96	3947950	3.83028	1.24196	5320.56	0.0020498	8.01519	12.5491	3.01354
2370	5416.59	3947860	3.8487	0.813571	5313.72	0.00193432	7.74454	13.9943	2.98884
2376	5306.55	3947250	3.86208	0.861675	5315.45	0.00185251	8.59972	12.3079	2.99468
2382	5389.7	3946700	3.8751	0.861633	5315.33	0.00178654	6.2116	12.2218	2.99429
2388	5361.55	3945950	3.88842	0.787297	5310.92	0.00175241	6.3515	12.1232	3.00204
2394	5270.71	3945850	3.90703	1.26555	5310.67	0.00160137	7.88592	13.3409	3.00525
2400	5438.04	3945090	3.9148	0.885684	5309.18	0.00163832	8.87029	13.9775	2.99823
2406	5233.15	3945190	3.92443	0.851085	5305.77	0.00160645	5.83964	12.8757	3.00045
2412	5343.8	3944730	3.92983	0.651359	5309.26	0.00171085	7.28217	12.6319	3.01313
2418	5142.97	3944180	3.93955	0.819632	5307.73	0.00180777	6.79294	12.4691	2.99661
2424	5160.96	3944000	3.95864	0.877122	5306.83	0.0017001	6.94227	11.6174	3.0066
2430	5050.25	3943110	3.96127	0.678685	5311.1	0.00186657	6.98781	11.3146	2.98909
2436	5336.53	3942960	3.97401	0.845399	5307.8	0.00172983	6.06407	13.3584	2.98578
2442	5380.64	3942950	3.97623	1.36891	5306.12	0.00170492	7.33274	12.5785	3.00458
2448	5395.49	3942160	3.99281	0.683145	5302.09	0.00176597	6.63702	13.5804	3.00902
2454	5329.99	3941530	3.99683	0.622018	5294.59	0.00186864	7.92823	13.849	2.99363
2460	5228.78	3941010	4.0204	0.775815	5299.74	0.00166101	8.35515	13.1554	2.97927
2466	5375.33	3940710	4.02471	0.672171	5304.55	0.00171758	8.09622	12.8467	2.98758
2472	5100.41	3940320	4.03431	0.716171	5307.87	0.00177925	6.53462	13.3676	2.98047
2478	5214.3	3939640	4.03973	0.875205	5301.36	0.00177318	7.55991	12.3736	3.0047
2484	5219.52	3939360	4.05904	1.12949	5299.09	0.00172952	8.28259	11.9853	3.02089
2490	5404.7	3939170	4.0692	0.982924	5298.88	0.00170943	7.37105	12.2149	3.00056
2496	5285.16	3938380	4.0885	0.911224	5298.98	0.0016271	9.33331	14.7984	3.00817
2502	5350.28	3938040	4.09362	0.600896	5302.23	0.0015961	8.20054	12.9107	3.0022
2508	5491.36	3937540	4.1048	0.753477	5298.75	0.00159708	7.16221	13.1058	2.98557
2514	5146.03	3937490	4.1065	1.01884	5302.63	0.00170195	8.9465	12.59	2.99588
2520	5159.54	3936850	4.1248	1.06823	5306.6	0.00180977	6.66354	12.8891	3.01147
2526	5290.85	3936690	4.13325	0.849758	5300.29	0.00181403	8.75499	14.5044	3.02162
2532	5312.07	3936240	4.13469	0.994106	5298.86	0.00175328	7.04232	13.3636	2.99312
2538	5180.22	3935260	4.15524	1.10002	5296.83	0.0018176	5.88813	9.88136	3.00196
2544	5599.09	3935070	4.15858	1.00513	5291.26	0.00183219	9.07475	13.9335	3.00952
2550	5279.25	3934720	4.16317	0.903638	5285.82	0.00183413	9.01311	13.5961	2.99268
2556	5440.28	3933930	4.18506	0.677492	5287.93	0.0017763	8.36858	13.4362	3.00282
2562	5201.32	3933660	4.19866	1.20201	5290.09	0.00180025	8.86031	13.1405	2.99707
2568	5297.25	3933350	4.21211	0.734095	5291.26	0.00163093	7.65698	11.4803	3.01809
2574	5438.46	3932710	4.22204	1.0321	5290.54	0.00165713	8.79317	13.5257	3.01612
2580	5262	3932400	4.22424	1.0838	5293.02	0.00170156	8.56563	12.7786	3.02414
2586	5284.96	3931990	4.24286	0.840393	5293.09	0.00165079	8.16642	13.1888	2.98978
2592	5066.74	3931810	4.24896	1.06462	5296.86	0.00168725	6.25224	13.3436	3.00202
2598	5382.13	3930820	4.25558	0.918764	5299.53	0.00172837	7.79546	12.8259	2.9999
2604	5459.41	3930870	4.26361	1.19256	5302.65	0.00180637	7.83262	12.5124	2.98292
2610	4983.64	3930120	4.27471	1.1137	5305.42	0.00180042	8.81717	13.8366	3.00712
2616	5162.48	3929600	4.28746	1.14679	5303.25	0.00183151	9.04978	13.0057	2.99912
2622	5403.83	3929580	4.30123	1.05097	5306.01	0.00177444	8.57573	12.3366	2.99217
2628	5263.49	3929110	4.31638	1.36341	5304.06	0.00178999	10.2364	15.1751	2.99567
2634	5308.72	3928480	4.31342	0.805327	5306.01	0.00188601	8.41714	12.3312	3.00115
2640	5524.18	3928190	4.3204	0.754263	5307.47	0.00190855	8.16939	14.0808	2.99976
2646	5319.55	3927960	4.34686	1.17335	5300.39	0.00183123	8.06421	13.4476	3.02406
2652	5213.09	3926950	4.35315	1.06535	5296.64	0.0018316	7.94839	13.0438	3.00703
2658	5251.42	3926880	4.36324	1.03819	5294.46	0.00171973	7.98565	14.211	2.99686
2664	5117.76	3926550	4.37748	1.05823	5292.91	0.00169399	8.94111	15.88	2.98479
2670	5227.49	3925890	4.38669	0.814293	5291.16	0.00180957	9.23707	13.6419	3.01361
2676	5379.59	3925570	4.38703	1.05386	5291.94	0.00188185	8.5898	13.1711	3.02756
2682	5269.9	3925330	4.39935	0.881324	5290.39	0.00193659	7.42619	12.1304	2.99859
2688	5361.58	3925290	4.4181	0.606456	5292.47	0.00180972	8.68415	13.1436	3.01038
2694	5303.16	3924460	4.4155	1.04873	5295.95	0.00189758	9.06727	13.185	3.01387
2700	5341.77	3924190	4.43798	1.03151	5301.49	0.00195135	7.63592	13.343	3.00853
2706	5191.12	3923400	4.4491	0.999399	5300.38	0.00196001	8.72352	11.3152	2.99922
2712	5180.64	3922860	4.46113	0.527433	5300.05	0.00187634	9.43194	12.2299	2.97859
2718	5361.93	3922570	4.46699	0.778717	5295.82	0.00187644	6.05649	15.2789	2.99626
2724	5355.13	3922190	4.48326	0.765039	5299.28	0.00178864	6.47738	12.0215	2.98802
2730	5192.17	3921480	4.48763	0.912384	5299.61	0.00184011	9.60829	13.6653	2.99171
2736	5210.93	3921190	4.50319	1.04683	5300.01	0.00187403	6.92913	13.3895	2.99896
2742	5249.86	3921010	4.51226	0.895723	5302.15	0.00170493	8.04245	14.5834	3.00196
2748	5347.91	3920710	4.53131	0.684835	5297.56	0.00170145	7.98144	12.7852	3.01273
2754	5426.34	3919910	4.54024	0.650564	5302.95	0.0017785	8.45033	16.0315	2.99151
2760	5221.11	3919820	4.54377	0.754548	5304.02	0.00187446	9.39018	14.1859	3.0076
2766	5296.18	3919500	4.55147	0.805896	5310.16	0.00186222	6.83939	12.6726	2.99171
2772	5283.03	3918670	4.57262	0.560697	5313.67	0.00175312	9.41341	12.2637	3.00416
2778	5188.13	3918580	4.58189	0.58385	5309	0.0016475	7.80708	14.8087	3.00667
2784	5341.66	3917810	4.59752	1.08837	5305.64	0.00163907	9.18343	12.6503	3.00424
2790	5421.59	3917770	4.60863	0.917709	5302.13	0.00155491	8.30431	15.0776	2.99744
2796	5275.22	3916640	4.61123	0.963525	5305.26	0.00158668	8.51809	14.2503	3.00777
2802	5366.4	3916610	4.61879	1.05792	5306.03	0.00160069	9.36849	11.4153	3.01849
2808	5267.87	3915820	4.63325	1.0077	5307.79	0.0017359	9.33148	12.5747	2.99812
2814	5229.18	3915750	4.64224	0.839793	5312.23	0.0016193	8.04656	13.4934	2.98083
2820	5145.36	3915400	4.65156	0.82042	5314.37	0.00164855	9.39802	13.942	3.00364
2826	5521.06	3914760	4.65959	1.18748	5318.51	0.00159427	9.52534	13.4744	3.01237
2832	5467.09	3914430	4.66188	1.02313	5313.42	0.00164509	7.74616	13.6235	3.00578
2838	5285.23	3914060	4.67095	0.34566	5319.87	0.00173334	7.51383	13.1665	2.99088
2844	5231.83	3913610	4.69294	0.70743	5322.73	0.00166091	7.66919	14.5469	2.96855
2850	5197.01	3912890	4.70031	0.989346	5327.68	0.00165376	9.50517	15.8403	3.00581
2856	5397.79	3912920	4.70848	1.08771	5323.06	0.00167852	8.01033	12.5844	2.99432
2862	5194.01	3912400	4.72577	1.12961	5325.78	0.00168693	7.52112	13.7169	2.98474
2868	5340.11	3911680	4.72383	1.04425	5327.15	0.00178334	6.74164	12.7548	2.99982
2874	5101.19	3911640	4.73781	1.01653	5330.94	0.00176218	9.15778	14.0167	3.00123
2880	5440.86	3911200	4.75199	0.785319	5329.58	0.00167888	7.14552	12.8775	3.01718
2886	5363.3	3910680	4.7754	0.828885	5330.04	0.00151907	8.28942	12.7777	3.00851
2892	5169.08	3910070	4.78713	0.633192	5331.12	0.00145212	7.78397	11.8467	3.00814
2898	5167.66	3909770	4.79045	1.19084	5329.49	0.00152174	7.69452	13.601	2.98507
2904	5241.98	3909650	4.79735	0.997712	5325.93	0.00146472	7.78006	12.3063	2.99739
2910	5180.99	3909010	4.81391	1.07909	5319.81	0.00140432	7.29575	13.076	2.99394
2916	5496.33	3908490	4.82326	0.877705	5324.25	0.00141667	9.05807	13.9473	3.00222
2922	5269.7	3908230	4.83747	0.921863	5326.09	0.00143466	7.67681	12.5976	3.01309
2928	5572.64	3907750	4.84672	1.14971	5329.41	0.00145406	8.25508	12.9164	2.98636
2934	5340.38	3907020	4.84785	1.20962	5336.06	0.00135225	8.39467	14.7201	3.00972
2940	5226.15	3906910	4.85951	0.785067	5331.16	0.00137831	6.71915	12.9483	2.98812
2946	5097.87	3906390	4.87154	0.712652	5330.28	0.00143462	7.33635	13.4195	2.98964
2952	5435.63	3906350	4.87812	0.651732	5329.14	0.0014736	10.3903	13.2003	3.00963
2958	5273.44	3905590	4.88856	1.17637	5333.84	0.00149835	9.56526	12.1432	2.98797
2964	5314.06	3905210	4.89313	1.03137	5334.04	0.00163608	8.38813	12.6959	2.99348
2970	5358.88	3904750	4.90086	0.842827	5340.36	0.0016537	7.93382	13.3569	3.00156
2976	5300.4	3903920	4.90562	0.54873	5340.47	0.0017964	9.68538	13.1844	3.01357
2982	5326.83	3904040	4.92358	0.909083	5338.58	0.00185917	8.2702	12.8475	2.99283
2988	5419.83	3903760	4.92611	0.611345	5342.39	0.00196003	8.67972	15.6534	3.00015
2994	5503.93	3902860	4.94584	0.930363	5346.18	0.00195091	9.77071	12.5437	3.00774
3000	5342.95	3902580	4.95024	1.12609	5345.92	0.00189481	9.156	12.9033	2.99334
3006	5282.74	3902310	4.96619	0.725477	5345.12	0.00185238	10.9034	12.7338	3.02578
3012	5511.57	3901760	4.96926	0.92445	5337.71	0.00189211	8.13871	14.0297	3.00531
3018	5423.32	3901150	4.98939	0.856818	5333.78	0.00180766	8.90767	12.9848	3.00269
3024	5443.77	3900910	4.9935	0.701254	5334.49	0.0017399	7.62894	13.5168	2.99969
3030	5318.82	3900610	5.0183	0.946075	5337.04	0.00179138	7.8477	13.5669	3.00052
3036	5345.66	3899730	5.02048	0.25837	5340.8	0.00186963	9.77776	15.7117	3.00543
3042	5350.78	3899440	5.03312	0.933004	5347.45	0.00196648	9.39208	13.1195	2.98705
3048	5327.22	3899490	5.04132	0.784639	5354.13	0.00190501	9.56199	12.2765	2.98598
3054	5407.13	3898570	5.05299	0.81093	5353.3	0.00190051	8.13747	13.6413	2.99541
3060	5319.34	3898590	5.05116	0.952091	5352.64	0.00196085	7.8369	14.0539	3.00899
3066	5369.05	3897840	5.0784	0.996139	5349.95	0.00180577	8.61205	15.4827	3.01084
3072	5507.97	3897190	5.07791	0.593791	5344.9	0.00187795	8.7301	12.8483	2.99264
3078	5188.65	3897390	5.0952	1.07061	5351.23	0.00178769	8.76362	13.0146	3.01392
3084	5276.55	3896460	5.10992	1.24351	5350.53	0.00173493	8.12013	12.044	2.99843
3090	5418.34	3895870	5.12302	0.749422	5351.25	0.0018278	8.53212	11.518	3.00523
3096	5333.44	3895460	5.11365	0.932915	5350.09	0.00192737	7.64737	13.7692	3.00705
3102	5377.83	3895440	5.14389	0.79894	5343.53	0.00180712	9.01426	12.7609	3.00052
3108	5444.65	3894850	5.14071	0.995696	5343.8	0.00180801	9.34974	15.2159	2.99455
3114	5397.23	3894530	5.16476	0.94141	5345.58	0.00181	7.60531	14.9674	3.00796
3120	5336.23	3893660	5.16512	1.18114	5340.76	0.00186315	8.97629	14.2561	2.98911
3126	5643.67	3893680	5.1698	1.03577	5345.57	0.00187313	9.50759	13.6347	3.00278
3132	5384.4	3893200	5.19178	0.891003	5345.26	0.00200444	8.22656	14.2188	2.98599
3138	5538.99	3892500	5.19029	1.01439	5347.49	0.00206803	8.37876	15.1786	3.01065
3144	5216.29	3892100	5.2064	1.06346	5350.21	0.00202748	9.66138	13.7418	3.00479
3150	5300.99	3891640	5.21732	0.961617	5351.76	0.00193223	7.6148	14.583	3.00649
3156	5772.11	3891220	5.24463	0.768259	5351.58	0.00186262	8.5926	14.1808	2.9969
3162	5229.95	3890750	5.25005	0.608122	5351.92	0.00172349	9.59913	13.9653	2.9842
3168	5427.63	3890580	5.26953	1.25338	5345.56	0.00176372	7.75235	12.7345	3.01234
3174	5514.05	3889690	5.27101	0.779613	5339.62	0.00183565	9.05104	12.8418	2.9958
3180	5393.78	3889710	5.27623	0.631162	5342.79	0.00179931	9.11299	12.7303	3.0099
3186	5444.22	3889020	5.29622	0.962145	5342.25	0.00170313	9.81539	13.1433	2.98486
3192	5340.55	3888880	5.30291	0.949107	5341.88	0.00166109	9.9918	14.4895	3.01085
3198	5314.94	3888210	5.30998	0.996567	5347.15	0.00165074	9.52158	15.2626	3.00425
3204	5004.74	3887760	5.32357	0.86649	5351.66	0.00161274	9.47009	14.8702	3.01697
3210	5327.8	3887500	5.33275	0.965349	5347.91	0.00150653	9.45707	12.9081	2.99602
3216	5435.38	3886750	5.34224	1.10299	5352.04	0.00159317	8.48771	15.722	3.0099
3222	5185.68	3886590	5.35182	1.28169	5351.62	0.0016106	9.46352	13.6781	3.01035
3228	5317.14	3886300	5.36931	0.699175	5346.81	0.00155653	10.5118	13.6044	3.00068
3234	5350.48	3885900	5.37854	0.973192	5352.3	0.00159387	7.90988	13.8918	2.99248
3240	5384.99	3885520	5.3752	0.930506	5350.67	0.00161268	8.20044	14.3194	2.99619
3246	5338.52	3884820	5.38383	0.930212	5352.66	0.00166854	9.88749	14.4161	2.98287
3252	5564.25	3884620	5.40195	0.717192	5352.98	0.00168175	9.21693	12.8275	2.98285
3258	5435.54	3884560	5.41008	0.86914	5351.82	0.00178377	9.10062	13.0575	2.99781
3264	5714.53	3883580	5.42027	1.38627	5348.55	0.00172813	7.9547	13.6598	2.99894
3270	5433.15	3883320	5.42273	1.33506	5353.54	0.00182346	10.6137	11.7972	2.98493
3276	5140.15	3882490	5.4381	1.07443	5353.92	0.00190283	8.90892	13.5725	2.98841
3282	5308.63	3882150	5.44314	0.930531	5359.32	0.00186378	7.5705	14.7275	2.97583
3288	5291.25	3882160	5.45227	1.02184	5361.93	0.00179626	10.3547	14.6056	2.99494
3294	5198.27	3881610	5.47607	0.838584	5367.33	0.00182297	10.0696	12.9504	2.98316
3300	5285.65	3881580	5.47571	1.04017	5369.82	0.00173446	8.89645	14.2176	3.00691
3306	5364.07	3880930	5.47894	1.1551	5369.67	0.00173613	7.53927	13.3884	3.01004
3312	5321.6	3880270	5.49971	0.336151	5366.86	0.00169948	8.48615	12.8723	2.99293
3318	5412.81	3880430	5.51381	0.928615	5372.3	0.00166212	9.59065	12.9776	2.98228
3324	5374.75	3879440	5.52385	1.24947	5373.16	0.00164567	10.3957	12.7864	2.98347
3330	5373.63	3879020	5.53476	0.932406	5369.37	0.00166038	10.5006	12.8929	3.01871
3336	5357.49	3878900	5.53977	1.103	5367.29	0.00173335	7.74867	14.1884	2.99645
3342	5429.13	3878520	5.55682	0.945636	5371.56	0.00158834	9.369	13.6188	3.01415
3348	5242.91	3877890	5.571	0.650432	5374.84	0.00148999	9.39223	13.7798	3.00721
3354	5545.45	3877430	5.57693	0.88617	5377.19	0.00152968	10.3093	14.0561	2.99827
3360	5427.88	3877280	5.58554	1.13323	5381.55	0.00152141	9.73961	12.5209	2.99975
3366	5308.82	3876580	5.60173	0.733994	5382.97	0.00155289	9.03692	14.2982	3.00701
3372	5290.76	3876020	5.60634	0.901698	5381.66	0.0016101	8.81954	13.2295	3.00859
3378	5388.66	3875840	5.62456	1.01041	5377.98	0.0015366	10.4928	14.619	2.97729
3384	5229.05	3875330	5.62347	1.01949	5374.86	0.00147145	9.83391	13.9842	2.98223
3390	5373.03	3875070	5.64412	0.919642	5367.86	0.00144677	8.88629	14.6991	2.9924
3396	5299.26	3874690	5.64067	0.386866	5372.41	0.00150719	8.68682	13.2796	2.99953
3402	5376.35	3874200	5.6545	0.550547	5372.87	0.00144848	9.27073	12.1338	2.99331
3408	5642.8	3873810	5.66653	1.20956	5369.14	0.00152127	8.97601	10.8902	3.00166
3414	5277.65	3873420	5.68176	0.773713	5366.92	0.00153819	10.4425	13.8621	2.98164
3420	5396.17	3872620	5.68688	1.1187	5367.5	0.00156649	13.056	14.2476	2.99925
3426	5511.07	3872490	5.69509	0.646481	5360.58	0.0016176	8.87045	13.4251	3.00834
3432	5450.28	3871950	5.70643	0.666635	5361.68	0.00160899	8.55768	12.0308	2.99764
3438	5373.56	3872100	5.71704	0.696942	5364.07	0.00167297	8.28642	14.9626	3.01471
3444	5361.52	3871350	5.71857	0.9953	5357.82	0.00173615	8.43612	15.1555	3.01351
3450	5430.08	3870860	5.72052	0.730367	5351.42	0.00178185	7.95701	13.2539	3.00877
3456	5417.38	3870360	5.73017	1.02508	5347.82	0.00180703	11.4367	14.0702	2.99875
3462	5431.4	3869740	5.75004	0.888905	5350.81	0.00190862	6.7824	13.6345	3.01841
3468	5179.54	3869530	5.75095	1.02004	5349.08	0.00195597	10.3267	13.8361	2.9953
3474	5190.89	3869070	5.77339	0.939172	5354.7	0.00199789	9.5046	12.9617	3.00637
3480	5293.6	3868650	5.7778	1.00636	5349.97	0.0020656	10.5509	14.5523	2.99632
3486	5423.49	3867870	5.77907	0.572968	5349.34	0.00207309	9.10998	12.9886	2.99917
3492	5545.87	3867960	5.79592	1.09998	5352.26	0.00213464	10.1451	12.7199	3.0101
3498	5298.41	3867530	5.80175	0.793574	5354.91	0.0021366	9.80257	12.0539	2.99971
3504	5385.57	3867220	5.81029	0.768265	5351.79	0.00216413	9.40969	15.2809	2.99568
3510	5372.43	3866720	5.82421	0.688639	5352.52	0.00211943	10.7079	12.8698	2.99325
3516	5274.36	3866190	5.85552	1.02241	5354.61	0.00200059	8.22208	13.2499	2.99228
3522	5249.82	3865800	5.86187	0.941746	5350.07	0.00186966	10.9154	14.8811	3.00513
3528	5441.86	3865730	5.87862	1.05507	5347.57	0.00168182	8.48426	14.3801	3.00979
3534	5476.72	3864980	5.88414	1.13914	5343.6	0.00175426	8.65499	11.8212	2.98918
3540	5418.66	3864410	5.8914	0.88018	5345.43	0.00172609	9.61324	12.8646	3.00276
3546	5372.97	3863980	5.9072	0.781548	5349.33	0.00173719	9.79477	13.3246	2.99503
3552	5496.62	3863920	5.91453	0.489057	5349.6	0.00163861	9.24797	13.1911	2.98554
3558	5261.24	3863500	5.91509	0.700151	5347.44	0.00176291	6.49867	13.0132	2.98944
3564	5340.69	3863060	5.9281	0.745184	5350.45	0.0017252	10.1603	11.6753	2.98785
3570	5298.74	3862710	5.9314	0.938242	5349.44	0.00187191	9.45555	14.5605	3.01167
3576	5389.62	3862040	5.93581	1.14378	5349.06	0.00198966	10.0625	13.3911	3.0092
3582	5460.27	3861890	5.94737	1.25006	5348.78	0.00213144	9.08793	13.5513	2.99798
3588	5441.34	3861330	5.96433	1.05768	5348.38	0.00193702	8.01374	12.0119	3.01648
3594	5397.22	3861160	5.97334	1.05099	5352.21	0.00192464	10.3839	13.6389	2.99688
3600	5225.63	3860640	5.98779	0.710162	5345.98	0.00196123	8.05967	13.1488	2.99786
3606	5514.42	3859990	5.99581	0.870096	5347.58	0.00182761	9.51361	13.3145	2.99912
3612	5509.47	3859760	6.0097	1.06659	5342.88	0.00179828	6.85833	14.9251	3.00414
3618	5054.31	3859230	6.02505	0.706471	5341.41	0.00172869	10.178	13.226	2.98871
3624	5418.86	3859070	6.03039	0.733	5339.11	0.00176081	10.0763	15.3297	3.00782
3630	5346.89	3858320	6.03379	1.11162	5342.23	0.00174883	9.41295	13.0245	2.98764
3636	5307.42	3858130	6.05589	1.03416	5344.12	0.00163468	8.51513	14.072	2.99967
3642	5498.36	3857740	6.0628	0.904098	5348.14	0.00159482	9.97943	13.9076	2.99086
3648	5306.17	3857320	6.08063	0.869315	5352.44	0.00161009	9.30357	13.5895	2.99606
3654	5406.11	3856750	6.08377	0.726887	5355.69	0.0016499	11.3268	13.7043	2.98063
3660	5357.87	3856140	6.09479	0.902092	5355.81	0.00157935	7.43143	13.8719	2.99095
3666	5293.79	3855910	6.1007	0.810674	5360.97	0.00151814	9.63218	13.5695	2.99334
3672	5253.26	3855870	6.11395	0.905556	5361.54	0.00146114	9.87209	12.5341	3.01143
3678	5367.2	3855290	6.12929	1.1253	5361.43	0.00138507	10.5905	13.7069	2.99151
3684	5288.54	3854990	6.14199	1.33215	5364.21	0.00141219	12.3288	14.3986	3.00935
3690	5116.14	3854530	6.15192	0.88942	5361.67	0.00137299	9.70906	13.3091	2.9912
3696	5120.57	3854100	6.14723	0.718371	5364.76	0.00140808	9.26963	15.1775	3.01047
3702	5362.33	3853630	6.15238	1.04227	5363.81	0.00154488	9.05107	12.8638	2.99951
3708	5429.32	3853330	6.17341	0.818366	5363.14	0.00146664	10.7501	12.1149	2.99783
3714	5418.76	3852620	6.17866	1.05161	5363.07	0.0015481	9.96399	13.8573	2.98718
3720	5354.06	3852610	6.18536	1.07731	5360.89	0.00164575	8.74491	12.5244	3.00168
3726	5298.13	3852440	6.19106	1.11855	5358.77	0.00166924	10.0443	13.4506	3.01656
3732	5477.57	3851560	6.19668	1.0196	5354.22	0.00174388	9.60306	13.308	2.98125
3738	5126.65	3851260	6.20896	0.813472	5347.77	0.00174503	9.10717	12.9084	2.99018
3744	5334.02	3850590	6.22479	0.885426	5351.03	0.00166804	9.2521	12.9057	2.99765
3750	5585.15	3850520	6.23226	0.655599	5355.6	0.00169599	9.35371	13.3436	3.00231
3756	5206.15	3850040	6.23856	0.539373	5356.88	0.00174651	9.40211	13.4418	2.9936
3762	5490.38	3849760	6.24833	0.830207	5358.09	0.00171685	10.7115	13.2856	3.01505
3768	5350.31	3849540	6.26025	0.846182	5354.01	0.00170365	9.48385	15.1232	2.9898
3774	5424.2	3848810	6.2767	0.803466	5349.71	0.00174196	10.178	14.407	3.01407
3780	5568.96	3848310	6.27866	0.760098	5348.21	0.00170829	10.4231	14.6848	3.00774
3786	5336.88	3848010	6.28917	0.911232	5349.77	0.00175635	10.7547	14.2383	2.99456
3792	5400.58	3847700	6.31096	0.698986	5350.91	0.00169624	8.94952	14.6595	2.99889
3798	5373.86	3847250	6.31876	1.02935	5344.95	0.00157801	9.89786	14.9102	3.01899
3804	5339.89	3847100	6.31987	0.987819	5340.05	0.00174073	10.3046	12.8063	3.01147
3810	5407.8	3846150	6.33594	0.840495	5343.56	0.00171682	10.0269	13.1669	3.00865
3816	5594.42	3845760	6.34709	0.594526	5350.21	0.00169579	10.3808	14.1687	3.00274
3822	5217.32	3845630	6.35489	1.02427	5357.12	0.00164603	8.25093	15.1974	2.99007
3828	5327.1	3845160	6.36224	0.741106	5352.07	0.00164276	9.18887	11.5661	3.01552
3834	5346.55	3844820	6.38601	0.906593	5355.43	0.00158873	10.73	14.9791	2.98977
3840	5234.79	3844350	6.38747	0.820357	5351.84	0.0017114	10.7528	14.3514	2.98901
3846	5510.14	3844200	6.39137	1.02432	5354.78	0.00173494	9.47126	13.5077	2.99561
3852	5554.35	3843850	6.39485	0.997892	5357.35	0.00169858	9.01536	15.3265	2.98456
3858	5224.23	3843100	6.41388	0.748307	5350.16	0.00179441	13.1159	13.4686	3.01254
3864	5178.12	3842890	6.42473	0.990476	5344.77	0.00186329	9.74219	13.0457	3.014
3870	5387.72	3842080	6.4296	0.374619	5343.04	0.00181954	8.54932	14.1994	3.01396
3876	5198.63	3841940	6.44384	1.1918	5341.93	0.00162425	10.0235	12.5507	3.00016
3882	5366.54	3841460	6.44694	0.78159	5342.32	0.00152509	9.09559	12.4284	2.99242
3888	5363.05	3841180	6.47647	0.750225	5340.93	0.00149441	7.74952	11.7714	2.99503
3894	5390.87	3840470	6.48256	0.733083	5345.43	0.00146254	8.93394	13.5382	3.00561
3900	5409.38	3840250	6.48143	1.10276	5348.62	0.00149594	9.62262	14.2059	3.00243
3906	5177.53	3839750	6.48931	0.69644	5353.5	0.00147938	8.32571	14.8786	3.01054
3912	5317.76	3839690	6.50613	0.782543	5349.17	0.00147237	12.0353	14.6147	3.00167
3918	5331.26	3839190	6.50768	1.14105	5347.11	0.00154563	9.58704	13.6019	3.00021
3924	5418.12	3838650	6.52055	1.22465	5350.95	0.00157731	9.02757	11.8011	2.99418
3930	5300.99	3838490	6.53605	1.12336	5346.76	0.0016277	12.4372	13.561	2.98892
3936	5114.02	3837980	6.53328	1.21408	5344.14	0.00165527	10.5483	13.6856	3.00285
3942	5307.59	3837480	6.53863	1.13259	5342.75	0.00167732	9.77662	14.0182	2.98171
3948	5271.11	3837350	6.55137	0.662344	5346.04	0.00170965	10.8333	13.3826	3.01036
3954	5385.56	3837040	6.55624	0.671156	5343.79	0.00157686	9.12787	15.8807	3.01129
3960	5260.72	3836200	6.58225	0.694964	5339.66	0.00151916	10.699	12.8565	3.00377
3966	5388.39	3835770	6.58188	1.1965	5333.81	0.0014535	8.52658	13.7857	3.02621
3972	5329.81	3835920	6.59674	1.1415	5334.74	0.00140108	9.67461	14.0633	3.01381
3978	5100.39	3835240	6.61133	0.886026	5335.21	0.00142504	10.1689	13.2547	2.99959
3984	5083.16	3834750	6.62803	1.08605	5329.83	0.00129162	10.0527	13.1613	2.99438
3990	5083.88	3834380	6.62539	0.886605	5323.61	0.00133978	8.76028	13.7753	3.00109
3996	5200.03	3834350	6.6351	0.655445	5322.68	0.00127364	11.5381	13.243	3.00229
4002	5371.12	3833790	6.64002	0.636941	5319.51	0.00129089	9.32942	13.5942	3.01081
4008	5440.41	3833660	6.64968	0.725007	5318.72	0.00135819	10.6036	14.8072	2.97941
4014	5336.09	3832680	6.66642	0.857505	5319.05	0.0013008	10.2207	14.4762	3.01197
4020	5345.88	3832830	6.68147	1.45985	5322.02	0.00133574	11.8813	12.3394	2.99963
4026	5312.69	3832570	6.67615	0.789248	5324.61	0.00141765	8.84512	12.4649	3.01252
4032	5144.65	3831880	6.68092	0.767043	5331.95	0.00149281	9.48328	11.638	2.99621
4038	5282.59	3831450	6.68483	0.798024	5327.81	0.00158044	10.1908	12.3025	3.00782
4044	5268.12	3830920	6.70312	0.917988	5326.68	0.00157831	10.0129	13.9124	2.99233
4050	5275.98	3830530	6.71607	0.577615	5325.5	0.00158919	10.8108	13.2216	3.00424
4056	5326.34	3830070	6.71694	1.05082	5322.14	0.00171101	9.32311	13.3622	3.00536
4062	5437.96	3829940	6.73456	1.38368	5322.49	0.00159116	7.72489	13.1014	2.97969
4068	5318.27	3829150	6.73129	1.08402	5327.27	0.00170218	11.5173	12.4338	2.9996
4074	5354.88	3829380	6.73488	0.940643	5324.04	0.00173059	10.462	12.3531	2.99691
4080	5305.45	3828850	6.75197	1.17264	5321.45	0.00188835	9.19224	13.9183	2.99476
4086	5468.2	3828440	6.75649	1.21933	5318.94	0.00177779	9.34447	14.6909	2.99287
4092	5315.93	3827660	6.77557	0.986083	5317.34	0.00174631	10.101	11.3341	3.00712
4098	5471.67	3827820	6.78705	1.096	5311.95	0.0017873	7.40007	11.7568	3.00153
4104	5424.54	3827000	6.79872	1.00436	5307.39	0.00179732	9.92127	12.8396	3.0016
4110	5162.06	3827150	6.81089	0.640606	5306.55	0.00184549	10.1518	13.8286	3.0003
4116	5333.47	3826170	6.81816	0.818483	5306.36	0.00185782	9.80968	14.1135	3.01046
4122	5253.51	3825740	6.82436	1.31813	5300.01	0.0017676	10.4149	14.8641	3.00192
4128	5532.25	3825690	6.84934	0.908962	5305.96	0.00164882	9.90998	12.0018	3.006
4134	5256.46	3824940	6.85124	0.645778	5299.27	0.00168791	9.63507	12.8172	2.98724
4140	5296.23	3824930	6.86129	0.786416	5297.12	0.00172994	9.97838	13.6835	3.00606
4146	5348.83	3824680	6.87025	1.11699	5299.87	0.00171793	8.19848	15.1286	2.99929
4152	5193.66	3823740	6.89116	1.12086	5298.06	0.00166346	8.52659	13.9696	3.00362
4158	5510.79	3823860	6.88957	1.06514	5299.97	0.00170932	9.73125	13.4133	2.98588
4164	5328.53	3822960	6.91013	0.904983	5304.63	0.0015892	9.59206	12.7726	3.00286
4170	5065.03	3823130	6.90803	0.901081	5308.31	0.00161777	10.1326	13.104	3.01727
4176	5266.46	3822750	6.91801	1.08543	5302.03	0.00150926	9.68424	15.5	3.00252
4182	5589.21	3822140	6.93707	1.05141	5300.71	0.00143461	9.77483	13.7771	3.00919
4188	5499.35	3821940	6.93625	0.772192	5295.7	0.00158843	9.58138	15.0609	2.99629
4194	5148.79	3821200	6.94224	0.432702	5289.53	0.0015747	8.16025	13.6713	2.98437
4200	5390.7	3821130	6.95953	1.12566	5295.52	0.00156152	9.24911	12.3737	3.0137
4206	5235.29	3820450	6.96817	0.761833	5298.4	0.00152701	10.6026	14.4269	3.0055
4212	5270.06	3820500	6.98199	1.21414	5301.56	0.00153536	10.3368	11.1685	3.00511
4218	5373.17	3820190	6.98403	1.07162	5304.89	0.00153448	9.86089	13.3498	2.99996
4224	5244.1	3819630	6.98237	0.359827	5305.67	0.0017607	10.8634	14.6566	2.99532
4230	5371.33	3819040	6.9959	0.993845	5308.18	0.00175514	11.4059	13.4989	3.01114
4236	5213.78	3819040	7.01079	0.862992	5305.27	0.00182402	9.59488	15.4266	3.01195
4242	5419.57	3818210	7.01148	0.855032	5302.49	0.00191846	9.13948	13.7028	2.99818
4248	5323	3817740	7.02289	1.14969	5301.24	0.00174361	10.5029	14.1015	3.00936
4254	5427.82	3817570	7.03413	0.623013	5300.45	0.00172735	9.96252	15.9402	3.00483
4260	5146.85	3817240	7.05519	0.873359	5300.44	0.00168224	8.34859	13.6673	3.01312
4266	5322.79	3816650	7.04877	1.17699	5302.66	0.00168968	9.42664	12.8231	2.98706
4272	5237.86	3816410	7.06342	1.17397	5300.94	0.00153476	11.4646	12.5024	3.01442
4278	5431.58	3815940	7.08157	0.666288	5303.59	0.00147275	9.0053	13.4324	3.01491
4284	5376.83	3815390	7.08761	0.597055	5298.21	0.00146074	10.3723	13.4657	3.00175
4290	5239.69	3815630	7.11008	0.786761	5301.87	0.00133284	10.5725	13.0942	3.0229
4296	5255.18	3814700	7.1151	1.01885	5308.41	0.0013648	8.65367	12.9964	3.01084
4302	5500.18	3814550	7.11751	0.456312	5308.39	0.0013491	10.3996	13.7651	2.98721
4308	5277.44	3814410	7.11636	1.00312	5307.42	0.00140569	9.77631	13.303	3.00826
4314	5502.29	3813900	7.13599	0.86303	5303.13	0.00140394	10.826	13.4493	2.99533
4320	5384.89	3813440	7.14629	1.1603	5298.26	0.0014499	9.64358	14.5997	2.98237
4326	5269.99	3812600	7.1504	1.02319	5300.37	0.00151077	8.53102	16.0119	2.99476
4332	5213.63	3812860	7.15903	1.00609	5300.71	0.00151191	10.9566	14.7433	2.99668
4338	5230.74	3812530	7.16853	0.851012	5300.38	0.00153347	11.4554	13.3613	2.99689
4344	5381.69	3811470	7.17667	0.747249	5295.21	0.00142133	12.2114	11.7823	3.02283
4350	5277.48	3811610	7.19004	0.820028	5290.47	0.00139624	10.5264	14.3349	3.00032
4356	5043.57	3811500	7.19004	0.912527	5289.41	0.00151112	10.6032	13.1648	2.99297
4362	5104.83	3810660	7.20294	0.595249	5282.93	0.00159888	8.97952	14.06	2.98681
4368	5308.84	3810020	7.21827	0.771913	5283	0.00138378	9.7394	13.6681	3.00635
4374	5136.46	3810280	7.21836	0.817374	5278.79	0.00139236	9.32514	14.3046	2.99386
4380	5476.79	3809440	7.23974	0.912278	5276.78	0.00137036	10.053	11.4107	2.99972
4386	5352.69	3809310	7.24561	1.17639	5278.41	0.00145083	9.33439	13.5978	3.00587
4392	5256.6	3808610	7.2533	0.892073	5275.77	0.00150482	9.2701	13.5823	2.98252
4398	5037.06	3808450	7.25472	0.740738	5276.1	0.00159317	9.78423	12.5076	3.00488
4404	5350.73	3808380	7.26961	0.929835	5281.87	0.00168875	10.7392	13.002	3.01059
4410	5424.05	3807710	7.26095	1.12715	5285.96	0.00176502	9.91157	12.8396	3.0093
4416	5100.36	3807320	7.2592	0.4881	5284.98	0.00180433	10.4121	14.563	2.99369
4422	5290.99	3807030	7.28882	1.00085	5289.67	0.00174967	10.6531	14.2163	2.97532
4428	5269.11	3806850	7.29955	0.719858	5286.99	0.00173681	10.0903	13.4797	2.99755
4434	5398.25	3806160	7.29938	0.83629	5293.22	0.00166942	8.66524	13.9613	2.99716
4440	5333.64	3805550	7.31771	0.899427	5296.84	0.00163727	9.61848	13.7928	3.00623
4446	5395.73	3805640	7.33626	0.989594	5297.68	0.00161164	11.046	13.2982	3.01878
4452	5229.08	3805070	7.33466	0.628869	5300.53	0.00162442	9.36731	13.9097	3.02031
4458	5412.1	3804380	7.35463	0.74822	5304.92	0.00163421	9.38571	14.5022	3.00788
4464	5366.01	3804660	7.36119	0.959819	5303.61	0.00160453	8.95767	13.5712	3.00057
4470	5085.07	3803860	7.36037	0.914264	5304.11	0.00163206	9.97733	13.1715	3.00756
4476	5356.15	3803880	7.37013	0.924112	5309.31	0.0016745	9.99333	13.0099	2.983
4482	5465.57	3803160	7.37876	0.760332	5313.59	0.00165628	9.2783	14.0515	2.99447
4488	5165.58	3802740	7.40035	0.666287	5314	0.00146826	9.90387	13.5397	2.99277
4494	5424.94	3802990	7.4062	1.03224	5313.05	0.00148602	9.73232	11.9682	2.99719
4500	5222.82	3802130	7.41094	1.12673	5313.77	0.0013977	10.6051	12.4232	2.99812
4506	5403.09	3801630	7.44444	0.790121	5320.08	0.00122803	8.614	13.5957	3.00515
4512	5123.02	3801460	7.45366	0.7354	5312.94	0.00111458	8.46507	15.6134	2.98707
4518	5177.32	3800980	7.44949	0.80596	5315.69	0.00123203	9.86642	11.8265	2.9902
4524	5288.43	3800740	7.45778	1.16022	5310.83	0.00126099	5.40851	14.6433	3.02768
4530	5337.61	3800120	7.46103	0.883268	5316.35	0.00130648	8.4069	12.3954	3.00843
4536	5577.24	3799880	7.47213	0.756698	5308.3	0.00126302	10.6388	13.1205	3.00475
4542	5416.97	3799820	7.48665	0.874324	5306.14	0.00127133	11.1213	14.4254	2.99466
4548	5277.31	3799300	7.48755	1.02499	5301.85	0.0013595	9.89804	14.2961	3.00601
4554	5194.65	3798580	7.49917	0.825714	5300.73	0.0013031	10.853	13.8579	3.02669
4560	5587.55	3798080	7.51438	0.772739	5300.42	0.00133128	10.7268	14.2092	2.9871
4566	5213.47	3798070	7.51161	0.834141	5302.25	0.00148504	8.84964	13.254	3.00293
4572	5368.07	3797490	7.51603	0.773366	5297.79	0.00152009	9.5409	13.0098	2.99356
4578	5453.38	3797280	7.53088	0.799976	5302.35	0.00146423	10.6935	13.1939	3.00673
4584	5127.22	3796650	7.54822	1.12767	5301.73	0.00143029	10.4077	13.9869	2.97453
4590	5381.2	3796590	7.54845	1.09204	5306.75	0.00150481	9.38396	14.5726	2.99351
4596	5229.71	3796040	7.55695	1.0127	5311.56	0.00155318	11.7707	10.516	3.00625
4602	5217.54	3795850	7.57399	0.951578	5313.22	0.00151999	9.74387	13.8302	3.00763
4608	5351.28	3795470	7.57203	0.980245	5312.14	0.00149531	11.1324	13.9674	2.99972
4614	5478.17	3794790	7.57772	1.2596	5310.96	0.00148361	8.8685	14.2887	3.01767
4620	5345	3794780	7.599	0.961929	5306.72	0.00146886	9.79252	13.1995	2.99758
4626	5521.63	3794120	7.60725	0.865427	5304.2	0.0014455	10.4178	13.2828	3.00845
4632	5271.76	3793790	7.61343	1.16341	5300.46	0.00156162	9.71919	12.978	2.99727
4638	5556.21	3793460	7.62432	0.955577	5303.6	0.00149377	9.33356	13.9403	2.9841
4644	5386.95	3792830	7.63211	1.17838	5301.4	0.00150843	8.66185	14.3772	2.99022
4650	5154.8	3792570	7.6463	0.954728	5303.82	0.0014791	9.47008	11.2257	2.99653
4656	5194.51	3791980	7.669	0.922925	5301.59	0.00147309	8.92409	13.955	2.99906
4662	5330.55	3792310	7.67054	1.12026	5308.18	0.0013804	11.2141	15.1099	2.98932
4668	5427.71	3791340	7.67966	0.956124	5308.1	0.00123472	10.643	14.5556	2.9976
4674	5261.97	3791290	7.6795	0.700295	5311.63	0.00132271	10.7407	13.6452	3.00743
4680	5471.67	3790320	7.69365	1.3205	5311.03	0.00129857	11.4203	13.5893	2.99048
4686	5086.11	3790560	7.69507	0.510681	5306.87	0.00130915	11.0091	12.8612	2.99385
4692	5360.92	3790430	7.70323	0.925902	5304.81	0.00123385	11.149	13.6722	2.99098
4698	5294.26	3789680	7.7268	0.617826	5309.61	0.00121318	10.6481	13.1159	2.99774
4704	5123.1	3789150	7.73479	0.97698	5304.72	0.00122974	11.9746	13.3778	2.99732
4710	5510.58	3789160	7.72736	0.758459	5305.29	0.00132028	10.1151	13.7472	3.01479
4716	5370.21	3788730	7.74277	0.892686	5306.45	0.00130943	10.611	14.0897	3.00939
4722	5078.47	3788440	7.75458	0.806454	5311.32	0.00129085	9.98121	13.364	3.00558
4728	5442.79	3788190	7.75564	1.19462	5308.26	0.00128427	11.1452	14.1013	2.99576
4734	5235.45	3787640	7.77194	0.914975	5314.26	0.00136965	9.72319	14.2795	2.98662
4740	5303.65	3787570	7.7842	0.735056	5315.81	0.00134431	11.2995	14.3578	2.99788
4746	5355.51	3786740	7.79136	0.712756	5316.37	0.00133817	9.47742	13.6604	3.00252
4752	5235.73	3786380	7.79925	0.792463	5322.99	0.00132914	9.1697	13.1165	2.99609
4758	5446.53	3785890	7.81474	0.838984	5327.47	0.00129211	10.4375	12.0454	2.99948
4764	5317.68	3785640	7.8103	0.590631	5330.76	0.00132558	11.1783	12.6069	2.98682
4770	5483.21	3785550	7.82306	0.525469	5331.6	0.00125278	9.55548	13.9011	3.00082
4776	5104.67	3784830	7.84024	0.933516	5335.71	0.00120655	10.2037	12.631	2.99893
4782	5301.18	3784570	7.85655	0.962642	5341.35	0.00109311	9.89623	15.7172	2.99556
4788	5478.23	3784850	7.86169	0.548606	5347.45	0.00120069	11.9681	12.6145	2.99355
4794	5436.78	3783970	7.86067	1.03581	5347.27	0.00118366	12.599	13.9647	2.99266
4800	5298.22	3783640	7.86999	1.26583	5344.36	0.00125221	7.61309	12.377	2.99839
4806	5377.17	3783510	7.8811	0.903258	5339.97	0.00121256	12.0105	13.9953	2.99952
4812	5204.96	3782720	7.88519	0.772994	5332.82	0.00117118	9.25313	13.7116	3.00658
4818	5209.99	3782330	7.90268	1.07473	5329.45	0.00120217	10.5189	13.8373	2.99673
4824	5277.27	3781750	7.90944	0.859126	5332.69	0.00116909	10.7663	12.4891	2.99793
4830	5191.98	3782110	7.91841	1.07449	5332.86	0.00125751	9.81318	13.804	2.99429
4836	5222.76	3781530	7.91777	0.783334	5326.66	0.00120619	9.40262	14.6159	2.99607
4842	5193.42	3781160	7.94253	0.755653	5320.42	0.00121992	9.24928	14.5994	3.00517
4848	5293.79	3780420	7.93435	0.916838	5325.12	0.00128446	11.1551	13.2132	2.99993
4854	5322.51	3780300	7.93757	0.592488	5326.57	0.00138004	10.5064	11.8446	2.99353
4860	5315.74	3779440	7.93913	0.999639	5325.79	0.00138635	8.56216	12.5127	2.98828
4866	5282.14	3779670	7.96886	0.878285	5332.29	0.00135398	9.89564	12.7016	2.99763
4872	5299.19	3779040	7.97499	1.09806	5335.08	0.00137159	10.8349	13.2105	3.0194
4878	5237	3778780	7.99399	0.72669	5339.65	0.00133812	9.5917	13.7743	3.00337
4884	5342.65	3778220	7.9904	1.1585	5333.23	0.00137738	12.2354	13.8119	3.00675
4890	5284.72	3778030	7.99881	0.508553	5337.01	0.00143439	9.6648	12.6953	2.97943
4896	5496.6	3777370	8.00495	0.802726	5332.69	0.00155326	9.37762	12.0034	2.99727
4902	5325.69	3777470	8.0077	1.47018	5328.83	0.00156312	10.0334	14.9537	2.99279
4908	5196.87	3777160	8.02073	1.19669	5328.36	0.00157104	10.3207	13.7657	3.00511
4914	5311.72	3776670	8.02519	0.99325	5335.06	0.0015732	10.1772	14.5169	3.00759
4920	5430.35	3776240	8.03882	1.05427	5335.86	0.00151808	10.2064	13.442	2.99585
4926	5427.89	3776320	8.05391	0.863928	5338.26	0.001492	12.6311	14.5789	3.00306
4932	5379.58	3775570	8.05592	0.48472	5333.54	0.00153187	9.2002	14.5445	2.9891
4938	5324.7	3775230	8.07345	0.697629	5332.69	0.00164779	9.71024	14.5221	3.00766
4944	5231.92	3774750	8.07676	1.02937	5332.99	0.0016637	9.72691	13.8747	2.9857
4950	5312.89	3774840	8.09219	1.04882	5334.93	0.00153286	9.93383	13.0478	2.99415
4956	5540.58	3773930	8.09888	1.19998	5335.07	0.00162246	12.8542	15.5454	3.00572
4962	5405.65	3773630	8.1046	1.19155	5339.04	0.0015442	10.0203	12.1645	3.00779
4968	5271.55	3773490	8.10434	1.08396	5332.37	0.00147574	11.1852	11.1457	2.99758
4974	5436.93	3772640	8.11722	1.12504	5336.13	0.00159521	11.8328	13.6084	3.00393
4980	5213.11	3772500	8.13484	1.3125	5336.21	0.00159939	10.0427	13.326	2.99984
4986	5408.31	3772410	8.14526	1.1574	5332.71	0.00140976	11.0533	14.2962	3.00466
4992	5461.44	3772140	8.15355	0.979573	5329.04	0.00143705	11.2585	16.6252	2.99903
4998	5249.03	3771000	8.16449	0.935705	5324.22	0.00141064	9.07133	12.6614	3.00963
5004	5440.4	3771010	8.18358	0.953308	5331.17	0.00126838	9.27341	13.9569	3.00407
5010	5451.32	3770740	8.18416	1.08688	5326.27	0.00132252	8.23851	11.6873	3.02442
5016	5593.5	3770680	8.19379	0.734033	5319.92	0.00141957	10.7333	12.9093	3.00501
5022	5202.9	3769710	8.1968	1.03165	5322.36	0.00149679	9.86079	11.4948	3.00056
5028	5265.65	3769570	8.21082	0.46703	5321.85	0.00141775	11.4171	13.6946	3.00874
5034	5356.29	3769180	8.22157	0.536211	5325.6	0.0014109	8.58067	14.3903	2.98808
5040	5222.97	3768900	8.22405	0.589844	5327.79	0.00152769	11.8309	14.037	3.00245
5046	5303.5	3768270	8.22857	0.84985	5326.11	0.00153616	10.6242	13.8981	3.00095
5052	5293.29	3767860	8.24804	1.30716	5320.46	0.00148734	10.8442	13.5155	3.00564
5058	5406.74	3767650	8.25534	0.965966	5314.89	0.00147461	13.2459	12.4824	2.98922
5064	5196.68	3767390	8.27456	0.717127	5315.09	0.00137157	11.0271	12.7547	3.00525
5070	5177.24	3767130	8.27925	0.699915	5319.36	0.00136855	11.1181	13.8382	3.0132
5076	5353.26	3766880	8.27055	0.83607	5319.87	0.00130379	11.0216	12.9044	3.00947
5082	5282.84	3766110	8.28368	1.107	5319.64	0.00136497	11.0045	12.9327	3.0019
5088	5172.79	3765900	8.29662	0.690791	5315.37	0.00153088	10.105	13.5584	2.9971
5094	5196.67	3765940	8.29765	0.8857	5310.61	0.00160479	11.2302	14.8449	3.01995
5100	5122.83	3765450	8.30307	0.77903	5303.67	0.00164138	9.47212	13.4067	2.98493
5106	5431.67	3765350	8.31799	0.881143	5302.31	0.00161638	9.85248	14.742	3.01054
5112	5404.69	3764680	8.33177	1.04811	5306.74	0.00155357	9.84536	13.5521	3.01099
5118	5185.72	3764290	8.34135	0.650651	5307.41	0.00150251	11.1316	12.2403	3.00208
5124	5429.16	3764150	8.34964	0.322341	5307.73	0.0014892	10.6568	13.2998	3.0076
5130	5128.79	3763520	8.34848	0.691255	5314.04	0.00152648	10.7625	13.7048	2.99535
5136	5163.77	3763160	8.36785	1.05981	5315.81	0.00158209	10.919	12.7127	3.00166
5142	5322.89	3763160	8.37685	0.663709	5316.51	0.00166091	12.1262	13.3974	2.9972
5148	5428.13	3762450	8.37865	0.600509	5320.07	0.0015893	9.37292	13.8821	2.99753
5154	5200.66	3762090	8.38555	0.693561	5324.66	0.00172413	9.96349	13.0723	2.99374
5160	5273.65	3761840	8.38925	0.897876	5323.73	0.00173568	10.52	13.7821	3.00106
5166	5309.52	3761950	8.40477	0.864151	5320.2	0.00175007	9.77121	13.4092	2.98818
5172	5245.3	3761130	8.41315	0.589802	5321.32	0.00154165	11.2524	12.7024	2.99079
5178	5205.05	3760780	8.42027	0.800975	5318.17	0.00158035	9.23816	13.0667	2.98923
5184	5077.39	3760260	8.43866	0.753734	5315.18	0.00153386	10.6725	12.8267	3.02434
5190	5401.43	3760000	8.45473	0.938807	5319.81	0.00141932	9.54863	14.233	2.99462
5196	5502.35	3759730	8.4557	0.810142	5324.4	0.00140524	11.7198	11.5711	2.9937
5202	5161.27	3759490	8.46963	0.567521	5323.27	0.00141337	9.57542	13.0907	3.00111
5208	5182.17	3759100	8.47636	0.680603	5321.58	0.0012896	9.37701	14.1455	3.02346
5214	5570.26	3758960	8.49239	1.15242	5315.79	0.00128264	11.0796	12.6155	2.98461
5220	5276.22	3758650	8.49258	0.875204	5313.23	0.00129957	10.3356	12.4191	3.01458
5226	5234.41	3757690	8.50295	1.05317	5312.22	0.00140895	11.0957	13.1453	2.99752
5232	5199.99	3757750	8.50858	0.922184	5309.63	0.00150206	9.57099	13.6991	2.99494
5238	5368.17	3757520	8.5142	0.844815	5301.96	0.00156586	9.59499	14.7355	3.0079
5244	5381.3	3757140	8.50983	0.956925	5296.04	0.00164598	10.2679	13.5518	2.99096
5250	5445.31	3756980	8.51528	1.00559	5301.75	0.0016596	10.8206	13.5061	3.01921
5256	5250.67	3755950	8.52232	0.912899	5306.58	0.00168548	10.3739	14.6704	3.00678
5262	5305.62	3755640	8.54671	0.785302	5301.22	0.00169274	9.89638	12.8247	2.99908
5268	5674.08	3755430	8.54987	0.785362	5303.91	0.00164038	9.44115	12.4824	2.97872
5274	5534.69	3754940	8.56259	0.981797	5304.71	0.00166954	11.7446	16.0733	2.99735
5280	5320.6	3754220	8.57317	0.795584	5301.05	0.00166611	9.94958	14.7645	3.00021
5286	5171.85	3754710	8.58416	1.49508	5297.11	0.00155216	11.3073	11.933	2.99586
5292	5264.34	3753930	8.58591	1.14417	5302.46	0.00156576	10.7491	14.5501	3.01153
5298	5210.42	3753920	8.60342	0.896922	5305.77	0.00157115	10.1519	15.435	3.01139
5304	5176.15	3753200	8.61325	0.844763	5308.85	0.00154711	10.7189	14.3857	3.00332
5310	5218.63	3752870	8.62418	0.979043	5308.17	0.0014002	9.91053	12.3387	2.98997
5316	5226.95	3752520	8.63373	0.880251	5312.24	0.00138281	9.93386	14.4619	3.00854
5322	5308.68	3752440	8.63454	0.842552	5308.18	0.00156233	11.2805	13.8963	2.99939
5328	5077.41	3751680	8.64223	0.862701	5314.58	0.0015551	10.1119	14.332	2.99027
5334	5146.07	3751580	8.6572	0.988687	5317.49	0.00141598	9.52998	13.5883	3.00721
5340	5251.54	3751080	8.65183	1.43955	5316.26	0.00154288	10.3326	14.1781	3.01158
5346	5425.64	3750880	8.67889	0.91298	5310.47	0.00146308	9.0454	13.0196	3.00989
5352	5210.88	3750710	8.67309	1.13243	5305.68	0.00147146	10.6488	14.6087	3.01234
5358	5248.08	3749820	8.68502	0.838732	5309.66	0.00145114	9.71902	12.7737	3.00783
5364	5289.05	3749560	8.70165	1.09704	5308.62	0.00134604	11.5903	14.0113	2.98642
5370	5265.52	3750200	8.72678	1.06165	5309.02	0.00136557	9.13426	14.0886	3.0016
5376	5476.84	3749090	8.73084	0.947075	5305.35	0.00117811	9.22973	13.0395	2.99148
5382	5212.02	3749030	8.72247	0.957431	5300.48	0.00124134	9.50959	14.001	3.00771
5388	5184.42	3748630	8.74268	1.18296	5299.49	0.00109803	11.0086	12.9231	2.98455
5394	5268.67	3748250	8.74633	1.32207	5303.38	0.0011392	9.72748	12.9276	2.99957
5400	5603.82	3747900	8.75993	1.11658	5301.14	0.00116461	9.79555	13.039	2.99227
5406	5403.39	3747070	8.76144	1.07527	5296.07	0.00127828	11.4124	12.796	3.00245
5412	5130.3	3746760	8.76731	0.971387	5299.01	0.00126919	9.85344	14.3274	3.01067
5418	5366.82	3746780	8.76887	0.635297	5301.02	0.00130683	10.3281	14.578	2.99345
5424	5433.87	3746160	8.78466	1.0473	5304.23	0.0013548	11.142	13.7381	2.97446
5430	5361.74	3746170	8.79125	1.1663	5309.42	0.00134258	8.92765	12.9038	3.0061
5436	5414.11	3745570	8.80436	1.2526	5312.34	0.00138329	9.40774	13.7557	3.00534
5442	5548.84	3745280	8.80016	1.16524	5309.07	0.00142096	9.92268	13.874	3.0042
5448	5257.34	3745060	8.81684	0.80501	5305.17	0.00148191	13.6221	15.1736	3.0088
5454	5128.69	3744620	8.81401	0.950882	5306.37	0.00149449	10.8583	14.373	3.01448
5460	5345.51	3744080	8.83241	0.763395	5306.18	0.00142514	9.92769	11.9638	2.98824
5466	5357.31	3743930	8.83766	1.21774	5308.49	0.00144169	10.5332	12.565	3.00484
5472	5421.2	3743190	8.84866	0.508793	5310.76	0.00141093	9.90783	15.1984	3.00338
5478	5239.24	3743030	8.85583	1.23271	5309.38	0.00143591	10.963	15.4196	2.99773
5484	5455.47	3742190	8.86808	1.01183	5314.51	0.00141635	10.5513	13.5394	3.0095
5490	5430.65	3742400	8.8764	1.01143	5312.86	0.00151674	11.6935	13.88	2.98709
5496	5395.78	3741930	8.88143	1.07483	5307.56	0.0015976	9.95122	15.4062	3.00827
5502	5535.5	3741420	8.89326	0.827003	5302.48	0.00155245	10.737	12.7899	3.0089
5508	5091.86	3741140	8.90156	0.960632	5299.12	0.00158461	10.5934	12.4654	2.98789
5514	5390.86	3740880	8.90988	0.814984	5302.41	0.00158068	9.82439	14.3226	3.00935
5520	5277.26	3740510	8.90978	0.996846	5309.17	0.00160128	11.2636	12.9566	3.01026
5526	5275.77	3740390	8.9177	0.585909	5307.77	0.00166109	11.4355	13.1465	2.99503
5532	5290.54	3739880	8.93654	0.926513	5301.92	0.00163383	10.3338	13.2035	3.00346
5538	5358.21	3739770	8.94528	1.2256	5303.46	0.00155869	10.2494	14.5399	2.99725
5544	5056.47	3739300	8.94709	1.22416	5307.8	0.00157488	9.54984	13.7875	3.00387
5550	4998.34	3738950	8.96431	0.807617	5302.85	0.00147866	8.07878	14.6341	3.01235
5556	5153.83	3738350	8.96512	1.11473	5301.76	0.00140673	8.65359	14.0732	2.98998
5562	5396.72	3738330	8.98048	1.02079	5305.17	0.00152416	12.1108	12.8588	2.99956
5568	5280.29	3738080	8.98781	0.943901	5300.53	0.00137229	10.7094	12.5692	2.98894
5574	5398.79	3737840	8.998	0.939331	5303.25	0.00146369	12.0223	12.2536	2.99407
5580	5385.68	3737050	9.01433	1.05186	5297.96	0.00141991	10.6274	15.8398	2.99894
5586	5115.91	3736400	9.01314	1.14957	5292.72	0.00134874	11.886	13.2204	3.01292
5592	5464.73	3736530	9.02322	0.766112	5287.4	0.00146007	10.7722	13.0043	3.00057
5598	5396.21	3736220	9.02678	1.05357	5288.46	0.00151897	13.2571	14.4751	2.9979
5604	5196.09	3735620	9.03058	1.02603	5294.38	0.00154896	9.41799	16.3451	2.99816
5610	5299.69	3735480	9.04541	0.849724	5290.44	0.00143135	10.8128	13.7744	2.99455
5616	5295.04	3735080	9.05956	1.11636	5288.78	0.0013883	9.8436	11.91	3.00242
5622	5233.94	3734770	9.05723	1.21857	5292.74	0.00142373	10.4264	14.9383	2.99616
5628	5337.98	3734540	9.0784	0.679377	5296.9	0.00135233	10.3428	12.9868	2.99255
5634	5395.24	3733730	9.08821	0.70409	5303.71	0.00125556	9.8482	12.4367	2.98576
5640	5047.3	3733850	9.09783	0.965474	5298.94	0.00132777	8.98793	12.4846	2.99133
5646	5335.88	3733370	9.09835	0.731354	5295.07	0.00138443	11.3035	14.3781	3.01295
5652	5107.3	3733460	9.10792	0.529365	5295.64	0.00135356	8.55464	13.4085	3.0055
5658	5639.72	3732970	9.1026	0.842968	5296.95	0.0014481	10.274	13.3774	2.97607
5664	5147.79	3732430	9.12619	0.952983	5300.68	0.00139095	10.2215	13.04	3.00079
5670	5268.64	3731820	9.1384	1.01017	5305.24	0.00135976	10.6183	13.1249	3.00273
5676	5507.4	3731620	9.14868	1.19092	5305.88	0.00134832	8.08505	13.0733	2.99993
5682	5271.97	3731220	9.15108	0.734545	5301.56	0.00133647	11.33	13.761	3.00656
5688	5466.26	3731180	9.16299	0.802643	5296.3	0.00133079	9.64699	16.1029	2.97845
5694	5147.43	3730360	9.16461	1.04022	5295.26	0.00124942	10.0007	11.8032	2.99781
5700	5333.99	3730240	9.18108	0.68815	5292.45	0.00119051	11.6321	14.1769	3.00047
5706	5287.78	3729950	9.1817	0.721549	5297.54	0.00121984	8.61014	12.785	2.99765
5712	5223.28	3729470	9.20486	0.993371	5300.84	0.00104763	9.86234	13.9709	3.00545
5718	5095.73	3729150	9.21068	0.96056	5296.02	0.00105685	10.3345	12.8093	3.00773
5724	5223.2	3728830	9.2172	0.703961	5297.23	0.0009974	10.0852	14.9602	2.99137
5730	5249.92	3727950	9.22588	0.918919	5301.38	0.000959537	11.3962	12.2502	2.99285
5736	5291.95	3728290	9.23881	1.25455	5306.79	0.000841939	9.91514	14.3919	2.99621
5742	5192.84	3727540	9.24971	0.872293	5301.51	0.000874662	12.2448	12.7344	3.02066
5748	5226.22	3727450	9.24948	0.992846	5308.87	0.000901725	9.65827	14.1664	3.01348
5754	5475.8	3727140	9.24985	0.94454	5314.23	0.00103943	11.3118	13.5531	3.00726
5760	5565.37	3726970	9.25971	1.07104	5310.19	0.00114175	9.93212	13.9621	2.99398
5766	5399.55	3726150	9.25932	0.733944	5315.67	0.00119651	11.1831	13.4335	2.99875
5772	5345.65	3726150	9.27033	0.638198	5311.2	0.00119859	10.1092	13.5536	3.0061
5778	5331.45	3725360	9.28084	0.945439	5311.47	0.00123938	11.0746	12.783	2.99496
5784	5354.71	3725300	9.29187	0.94809	5308.9	0.00120456	10.5331	12.4425	3.01453
5790	5287.04	3725070	9.29511	0.705496	5304.66	0.0011488	9.48866	14.8111	3.00805
5796	5428.37	3724760	9.31436	1.16667	5302.28	0.00116914	9.31847	13.8409	2.997
5802	5412.58	3724580	9.30952	1.03603	5305.82	0.0011339	9.8392	12.2724	3.00465
5808	5228.85	3724000	9.32181	1.06854	5310.75	0.00112661	11.6622	13.1276	2.9984
5814	5321.51	3723330	9.33684	0.837943	5304.5	0.00114767	9.58846	14.5094	3.00866
5820	5170.61	3723120	9.34491	0.846207	5302.05	0.00118846	12.1952	13.1144	3.00498
5826	5191.02	3722500	9.34977	1.28581	5306.31	0.00110728	11.7804	14.7955	3.00291
5832	5254.89	3722520	9.35734	0.96215	5301.89	0.00115564	9.58585	13.6178	2.99343
5838	5370.54	3722210	9.37945	0.888934	5306.59	0.00102321	10.5153	12.4947	3.00709
5844	5223.97	3721770	9.38346	1.23114	5301.62	0.00108011	10.3653	13.6089	3.00244
5850	5316.28	3721670	9.38472	0.596441	5306.51	0.0012018	11.5359	12.5958	3.00815
5856	5434.05	3721320	9.38985	1.04261	5307.02	0.00126847	10.5421	12.4001	3.00469
5862	5356.4	3720890	9.39436	1.1152	5311.1	0.00134675	11.5414	14.4425	2.99091
5868	5460.17	3720450	9.3907	0.866027	5311.58	0.00150762	12.2495	10.3425	2.97861
5874	5286	3719890	9.40907	0.956482	5312.35	0.00141556	10.7434	13.7169	2.99673
5880	5280.34	3719920	9.41374	0.813744	5307.86	0.00141836	11.9486	11.8242	2.99681
5886	5066.58	3719480	9.42783	0.960822	5303.14	0.00148923	9.86155	12.9483	2.9764
5892	5607.73	3719340	9.4327	1.22115	5307.68	0.00144787	12.2672	12.9067	2.99851
5898	5464.14	3718540	9.44209	1.07313	5313	0.00155486	9.5019	12.7682	3.00029
5904	5300.74	3718510	9.45402	0.964311	5308.4	0.00153877	10.8113	13.5159	2.9761
5910	5250.75	3718230	9.4653	0.555623	5314.16	0.00153248	11.3538	13.8632	3.0041
5916	5291.48	3717830	9.47392	1.1635	5313.49	0.00150274	10.2863	13.8435	2.98434
5922	5181.75	3717360	9.4864	0.776924	5313.01	0.00147987	10.3512	13.1111	2.99683
5928	5244.66	3716790	9.48499	0.375909	5317.43	0.00140537	12.1727	13.5016	2.99476
5934	5310.59	3716890	9.50456	0.964333	5313.1	0.00141689	9.60938	11.7943	3.00016
5940	5023.93	3716430	9.51524	1.42193	5319.06	0.0013025	12.6193	12.9908	3.00252
5946	5371.22	3716130	9.52652	1.2006	5314.58	0.00140727	9.28186	13.4939	3.01274
5952	5448.09	3715590	9.52037	0.776221	5321.07	0.00140194	10.5994	14.3479	2.99177
5958	5264.9	3715500	9.52826	0.542452	5320.66	0.00153546	10.6788	15.2647	3.0095
5964	5336.03	3714920	9.54749	0.795508	5319.93	0.00155737	9.33275	12.4295	3.00366
5970	5232.82	3714560	9.55427	0.822566	5316.34	0.00148153	12.4338	12.408	2.99231
5976	5142.07	3714110	9.55351	0.891398	5313.99	0.00153698	11.228	11.8059	2.99074
5982	5244.68	3714020	9.56021	0.906426	5314.06	0.00147921	11.2728	13.1583	2.99758
5988	5272.19	3713650	9.56828	0.791269	5320.41	0.00143969	11.085	15.4196	2.98905
5994	5157.85	3713430	9.59066	0.734025	5321.26	0.00150208	11.0738	10.7906	2.9951
6000	5185.19	3713060	9.58867	0.964485	5313.94	0.00158147	10.9139	12.6028	2.99257
6006	5484.54	3712520	9.59717	0.962474	5312.52	0.00150047	12.9771	14.4152	3.00519
6012	5310.4	3712390	9.60717	1.23438	5309.5	0.00155047	10.51	13.6603	2.99651
6018	5114.68	3712060	9.61766	1.00824	5304.2	0.00153967	11.4925	14.0054	2.98077
6024	5096.93	3711860	9.62404	1.03889	5301.2	0.00144518	11.2056	11.3176	2.99178
6030	5165.7	3711440	9.63104	0.739276	5300.29	0.00134765	10.1571	13.0014	2.99804
6036	5376.72	3711250	9.63291	0.765541	5301.59	0.00140793	10.7612	13.8624	3.0081
6042	5384.55	3710560	9.6487	0.790969	5299.81	0.00142036	11.0086	12.1601	3.00382
6048	5399.83	3710140	9.64782	0.934573	5292.05	0.00153971	12.2138	14.2123	3.01685
6054	5285.64	3709830	9.66695	0.811262	5286.17	0.00158112	8.91678	12.5365	2.99652
6060	5168.76	3709850	9.66027	1.17769	5287.32	0.00163023	11.7895	11.6777	3.0036
6066	5299.57	3709560	9.67785	0.846173	5284.62	0.00152246	11.1191	14.8286	2.98597
6072	5095.95	3709050	9.68731	0.89666	5283.44	0.00162243	10.4479	13.3661	3.01332
6078	5194.34	3708600	9.70147	1.14866	5279.51	0.00158647	10.9354	13.8457	3.01604
6084	5298.52	3708230	9.69823	0.999868	5282.45	0.00150435	10.2174	13.5798	3.00145
6090	5082.25	3708370	9.70651	1.0939	5280.66	0.00145793	10.996	13.7433	2.99165
6096	5461.1	3707700	9.72861	0.662614	5281.59	0.00137659	11.782	13.1938	3.01006
6102	5227.16	3707330	9.73842	0.773733	5287	0.00145807	11.8086	13.7216	2.98438
6108	5264.1	3707070	9.74324	1.05639	5288	0.00154401	9.97054	13.4301	2.99085
6114	5335.54	3706730	9.74385	1.18769	5294.42	0.0015073	8.83048	13.1431	3.01388
6120	5327.22	3706430	9.74406	1.19091	5296.34	0.00148707	10.6926	14.0689	2.98728
6126	5270.38	3706330	9.77192	0.904232	5295.79	0.00150564	11.905	14.8606	3.00144
6132	5378.44	3705760	9.77988	0.934239	5292.66	0.00146812	10.1181	13.5425	3.00228
6138	5522.87	3705520	9.78194	1.03699	5290.27	0.00147284	11.009	12.4752	3.00137
6144	5250.72	3704960	9.78734	0.650601	5291.15	0.00153739	10.194	14.7832	3.00108
6150	5317.36	3704670	9.80088	1.13269	5287.93	0.0014483	10.8583	14.1418	3.00541
6156	5449.18	3704430	9.80627	0.7075	5293.22	0.00144615	11.6429	12.7837	2.97796
6162	5154.73	3703840	9.82022	0.575548	5293.65	0.00138063	11.397	13.6929	2.97971
6168	5518.25	3703060	9.82705	0.915694	5288.42	0.0013357	11.6475	15.0377	2.99835
6174	5274.45	3703520	9.83992	1.02415	5288.58	0.00124307	11.0143	13.077	2.98524
6180	5395.46	3702940	9.84677	0.505764	5286.53	0.00133892	10.4909	13.0104	3.00369
6186	5414.44	3702820	9.84668	1.14151	5285.84	0.00140138	11.0558	11.6607	3.00276
6192	5189.05	3702160	9.85844	0.758171	5291.71	0.00134087	10.5951	13.3303	3.0095
6198	5417.68	3701950	9.86727	0.837539	5287.57	0.00136952	11.6844	14.6096	2.99108
6204	5109.34	3701790	9.86809	1.02961	5293.04	0.00142569	11.0599	12.4276	3.01551
6210	5460.04	3700980	9.88023	0.751801	5289.88	0.00152518	11.8792	13.3049	2.99662
6216	5449.62	3701020	9.88213	0.981013	5294.92	0.00158127	11.5653	12.7208	3.01031
6222	5063.01	3700530	9.90225	0.888068	5297.26	0.00151061	9.43942	15.5822	3.0018
6228	5136.95	3700320	9.90002	1.06456	5295.17	0.00147725	10.2542	13.048	3.00033
6234	5204.46	3700330	9.90627	0.660116	5290.98	0.00146861	10.1694	12.7132	3.01476
6240	5310.82	3699490	9.91064	0.989112	5288.93	0.00154118	11.9795	12.8898	2.98711
6246	5356.18	3699130	9.92624	1.32484	5284.65	0.00166497	11.8405	13.374	2.98309
6252	5335.83	3698890	9.93366	0.871229	5288.53	0.00156562	10.9176	15.3369	3.00545
6258	4971	3698420	9.93616	1.00549	5283.79	0.00150395	10.9773	13.5564	3.00719
6264	5228.58	3698450	9.95041	1.251	5282.83	0.00155061	13.3779	13.2268	3.01745
6270	5334.45	3697680	9.96482	1.13565	5279.52	0.00154551	12.5094	14.164	2.99575
6276	5096.93	3697300	9.96958	0.770156	5284.51	0.00151577	11.2942	12.9267	3.00344
6282	5196.97	3697410	9.98521	0.967384	5281.01	0.00148711	9.47453	15.2642	3.00932
6288	5280.24	3697230	9.97405	1.0532	5287.57	0.00148027	10.8706	12.8488	3.00419
6294	5251.35	3696320	10.0045	1.06149	5291.79	0.00139933	10.5598	15.381	3.01023
6300	5422.26	3696490	10.0082	0.828389	5295.75	0.0013766	10.8323	13.5322	3.00591
6306	5434.46	3696140	10.0051	0.505342	5296.1	0.0013456	9.53207	12.7823	2.99009
6312	5281.97	3695770	10.0343	1.04112	5295	0.0012926	11.2166	14.1293	2.98085
6318	5405.99	3695420	10.0328	0.96802	5293.33	0.00132876	12.8446	13.5064	3.01284
6324	5357.52	3695470	10.0397	0.831416	5292.33	0.00138424	10.0206	14.0258	2.99034
6330	5269.78	3694770	10.045	0.995514	5287.64	0.00140758	9.30823	15.3228	2.99941
6336	5212.88	3694540	10.0586	0.858288	5283.67	0.0013993	11.1175	12.9524	3.00678
6342	5452.75	3693920	10.0568	0.529109	5287.65	0.00138674	12.7125	13.8651	2.98753
6348	5450.62	3693540	10.073	0.879975	5281.66	0.00140502	10.6196	10.3772	2.99573
6354	5403.12	3693450	10.0774	0.960976	5278.53	0.00134424	11.8343	11.4661	3.0038
6360	5293.69	3692960	10.0902	1.03679	5283.82	0.00137839	10.6156	14.9814	3.00432
6366	5251.45	3692970	10.0868	0.956668	5285.36	0.00137812	10.2592	13.2505	2.99008
6372	5292.86	3692500	10.1033	0.946508	5280.32	0.00133951	11.6218	12.8352	2.99019
6378	5304.35	3691500	10.1157	1.03474	5280.77	0.00137187	12.0556	13.0132	3.02045
6384	5217.96	3691980	10.1168	0.988863	5277.15	0.00140222	10.8468	14.0104	2.97464
6390	5232.47	3691260	10.125	1.14202	5274	0.00151392	11.4796	14.5407	2.99184
6396	4984.65	3690690	10.1359	1.01902	5272.12	0.00148565	11.268	13.8383	3.00707
6402	5349.85	3690820	10.141	1.08888	5266.94	0.00141152	11.1789	13.7845	2.98852
6408	5048.27	3690290	10.1549	0.886232	5267.2	0.00137072	10.302	12.1947	3.00704
6414	5164.49	3689610	10.1686	1.22834	5263.52	0.00124232	10.3484	13.2747	2.99556
6420	5294.37	3690010	10.1829	0.812832	5261.68	0.0011485	11.4552	15.7019	2.99897
6426	5249.7	3689170	10.1752	1.31377	5265.7	0.00108598	8.93424	13.4571	2.99345
6432	5298.73	3688980	10.1921	0.955541	5266.16	0.0010142	10.5564	14.2352	3.01051
6438	5235.05	3688830	10.2041	1.01629	5269.47	0.00105281	11.8365	11.8572	2.99679
6444	5440.91	3688520	10.1987	0.945634	5265.09	0.00110014	11.4874	12.5361	2.99161
6450	5311.11	3687900	10.2124	0.812727	5262.44	0.00108173	12.2344	14.4466	2.99636
6456	5198.77	3687910	10.2154	1.371	5260.27	0.00118056	10.0719	14.6811	3.0208
6462	5480.37	3687430	10.2255	0.58818	5257.6	0.00118286	11.4769	15.3099	2.99786
6468	5001.51	3686770	10.2399	1.14214	5262.03	0.00117303	10.3953	12.84	2.99102
6474	5468.28	3686900	10.2443	0.994275	5268.12	0.00115967	11.3281	13.0326	3.01658
6480	5325.87	3686470	10.2594	1.00373	5265.11	0.00117868	8.88062	14.3826	2.98821
6486	5273.65	3685690	10.2617	0.570975	5266.05	0.00118282	11.1464	11.4419	3.00441
6492	5135.34	3685730	10.2658	0.775775	5262.96	0.00121585	12.3556	11.9993	3.00615
6498	5258.3	3685450	10.2613	0.783153	5256.03	0.00128682	11.6629	11.6835	3.01536
6504	5185.78	3685210	10.2628	1.06288	5259.23	0.00133372	11.4408	13.8061	3.0302
6510	5151.11	3684840	10.2761	1.02686	5260.37	0.00137928	11.9972	12.9749	2.99393
6516	5372.57	3684310	10.2883	0.823784	5265.59	0.00132803	12.1172	14.1631	3.00592
6522	5325.23	3684030	10.2949	1.14272	5266.29	0.00141423	10.0572	13.8186	2.99191
6528	5393.03	3683830	10.3079	0.788901	5263.18	0.00132024	11.5203	13.526	3.00054
6534	4932.63	3683070	10.3227	1.21595	5263.15	0.00129915	9.93718	14.9177	3.00572
6540	5126.42	3683260	10.3213	0.729646	5265.94	0.0012954	8.60825	14.0663	2.99917
6546	5082.06	3682740	10.3442	1.01873	5264.1	0.00126416	10.7486	14.0492	2.99753
6552	5188.3	3682230	10.3418	0.870819	5264.48	0.00132113	10.3718	13.7426	3.00876
6558	5209.42	3682530	10.3602	0.963886	5267.01	0.00128924	11.4042	13.8973	2.98374
6564	5056.68	3681910	10.3574	1.07877	5272.74	0.00125139	11.8005	12.0672	3.00203
6570	5398.72	3681130	10.3618	0.823562	5268.99	0.00135493	10.6142	14.2007	2.98953
6576	5240.09	3680790	10.38	0.570727	5265.49	0.00124872	9.85786	11.3648	2.99991
6582	5147.47	3681010	10.3802	1.28996	5263.26	0.00117823	10.4075	13.5548	3.00599
6588	5189.48	3680340	10.3914	0.831208	5257.6	0.0012339	11.1411	13.102	2.99122
6594	5317.76	3680200	10.3942	0.811621	5257.26	0.0012162	10.4948	13.5765	2.99107
6600	5102.51	3679940	10.4026	0.807086	5252.34	0.00127045	9.83305	14.4257	3.0114
6606	5143.26	3679530	10.4214	0.524233	5248.74	0.00117431	11.4108	14.2121	3.00711
6612	5068.16	3679490	10.4152	0.992858	5250.12	0.00127291	11.9971	13.7795	3.00813
6618	5252.46	3678900	10.4255	1.03786	5251.52	0.00112201	11.5976	13.4776	3.0009
6624	5355.53	3678850	10.4356	1.04335	5258.39	0.00113479	12.1579	16.2379	3.00296
6630	5271.31	3678320	10.4421	1.11547	5263.18	0.0012657	11.2869	12.6043	3.01797
6636	5281.97	3677510	10.4415	0.964421	5269.49	0.00128357	11.2301	13.7799	2.9955
6642	5248.84	3677170	10.4602	0.840407	5271.13	0.00123919	9.50076	13.1165	3.00234
6648	5251.16	3677300	10.4681	1.11176	5275	0.00113262	12.1226	14.5857	3.00015
6654	5299.88	3676590	10.4828	0.821114	5273.01	0.000973481	9.99168	13.5408	2.98533
6660	5265.98	3676690	10.4927	1.24968	5274.94	0.00094825	12.5742	13.0491	2.99976
6666	5224.64	3676090	10.5012	0.730369	5277.12	0.00101386	11.4417	13.7109	3.001
6672	5350.61	3676270	10.5009	0.537051	5281.42	0.00108587	11.0854	13.1001	2.99814
6678	5467.32	3675900	10.5088	0.731895	5282.52	0.00127535	10.7519	14.1914	3.00822
6684	5293.91	3675000	10.5075	0.959186	5288.57	0.00128337	10.0332	11.925	3.01121
6690	5121.92	3675030	10.5255	1.00616	5288.58	0.00121486	10.6187	14.3089	2.99064
6696	5325.75	3674680	10.5285	0.50513	5284.59	0.00122413	10.7655	14.1921	3.00963
6702	5469.57	3674290	10.5447	0.866063	5288.92	0.00110941	9.41684	13.8458	2.99964
6708	5066.27	3673820	10.5529	1.09511	5294.41	0.00113273	12.0812	11.2825	3.00953
6714	5457.6	3673710	10.5623	0.94759	5289.27	0.00104757	7.67044	11.9827	3.00519
6720	5225.69	3673590	10.5737	1.19544	5290.48	0.00110245	10.2912	12.1866	3.00465
6726	5297.94	3673140	10.5654	0.470405	5286.91	0.00122834	11.4742	13.5114	3.01123
6732	5226.29	3672610	10.5763	0.620913	5282.31	0.00125918	11.6152	11.1178	2.99806
6738	5246.74	3672360	10.5744	0.876839	5278.4	0.00137931	9.8459	11.7993	2.9941
6744	5374.13	3672070	10.5868	0.92114	5282.09	0.00151538	11.185	12.2573	3.006
6750	5151.81	3671650	10.5852	0.964005	5278.84	0.0015887	11.4977	11.8855	3.00274
6756	5244.01	3671240	10.5977	1.0769	5275.25	0.00155118	10.7738	12.6036	2.99626
6762	5277.59	3671240	10.6109	0.545721	5273.58	0.00151422	10.1579	12.4165	3.00752
6768	5446.85	3670460	10.6208	1.02129	5279.66	0.00159267	10.9824	13.2687	2.99835
6774	5412.21	3669920	10.6267	1.20573	5282.53	0.00153173	12.2545	13.0178	2.99557
6780	5260.84	3670010	10.6381	0.699265	5284.97	0.00157853	12.8413	12.8384	2.99283
6786	5280.14	3669110	10.642	1.03321	5280.24	0.00168131	9.6701	13.9275	3.00525
6792	5138.61	3669470	10.6518	0.722391	5273.83	0.00169482	11.4665	13.6263	2.98962
6798	5392.65	3668930	10.667	0.688924	5279.01	0.00164294	11.7474	12.375	2.99095
6804	5384.9	3668340	10.6794	0.83113	5278.04	0.00159792	10.2395	13.2783	2.99825
6810	5305.37	3668660	10.6818	1.22294	5281.38	0.00165451	9.40671	14.5988	2.99755
6816	5260.08	3668350	10.6994	0.951987	5285.5	0.00144152	12.103	13.0782	3.00025
6822	5115.36	3667830	10.7068	0.984292	5286.72	0.00137332	10.3607	13.9385	3.01168
6828	5162.28	3667380	10.7057	0.802996	5285.4	0.0013703	10.7494	12.7269	3.01792
6834	5231.57	3667000	10.7113	0.784328	5288.86	0.00140261	10.5126	11.9089	2.98745
6840	5584.69	3666760	10.7296	0.995029	5288.5	0.00146336	10.973	14.0749	2.99738
6846	5033.49	3665940	10.7409	0.354366	5282.66	0.00139593	10.7527	13.3395	2.99772
6852	5242.72	3665920	10.7475	0.674179	5280.99	0.00140728	12.5748	13.4209	3.00562
6858	5047.83	3665850	10.7545	0.868764	5280.87	0.00134908	11.2791	10.3625	2.99953
6864	5338.88	3665340	10.7507	0.721497	5286.59	0.00140022	9.13219	13.2856	3.00801
6870	5443.19	3665320	10.771	0.449661	5282.71	0.0013746	11.5796	13.7527	2.99519
6876	5370.47	3664920	10.7848	0.990684	5279.09	0.00126057	10.0997	13.0137	2.99829
6882	5534.54	3664170	10.7878	0.564111	5276.74	0.00134572	10.3843	11.8021	2.99758
6888	5032.04	3664060	10.806	1.08237	5274.46	0.00127994	10.1669	12.5441	2.99749
6894	5202.79	3663730	10.7983	0.521267	5272.7	0.00122976	11.6377	14.6324	3.01311
6900	5263	3663680	10.8051	1.26199	5270.85	0.00126774	10.1891	12.5254	2.99178
6906	5144.58	3663520	10.8159	0.764506	5270.83	0.00122006	9.98728	12.6726	2.98977
6912	5307.69	3662600	10.831	1.06995	5273.48	0.00125213	11.8542	14.5194	2.99454
6918	5094.67	3662460	10.8432	1.01209	5279.21	0.00127538	10.9225	14.2085	3.00676
6924	5075.06	3662340	10.8397	0.735326	5284.04	0.00117927	12.4231	15.4791	3.00914
6930	4897.42	3662160	10.8516	0.934519	5285.08	0.00122413	10.6491	13.5009	3.00573
6936	5286.04	3661390	10.8513	0.953335	5283.62	0.0012312	9.96605	12.8455	3.00042
6942	5317.02	3661390	10.8628	1.23129	5285.28	0.00121037	11.8959	12.574	2.99206
6948	5157.48	3660960	10.8648	1.02238	5286.56	0.00124616	11.0917	15.5601	3.00216
6954	5354.78	3660300	10.881	0.71874	5282.82	0.00128501	9.76065	13.8124	2.99775
6960	5332.49	3660340	10.8891	1.05154	5287.93	0.00115427	9.75586	12.9043	3.00437
6966	5398.48	3660050	10.9038	0.971082	5284.93	0.00108383	13.0571	12.8787	2.99994
6972	5201.22	3659500	10.899	0.7922	5289.41	0.00113578	11.2	12.7972	2.99648
6978	5404.68	3659290	10.9139	1.03055	5290.25	0.00119922	11.0781	12.9042	2.98735
6984	5313.13	3658900	10.924	1.11535	5292	0.0011435	10.323	12.0431	2.99299
6990	5216.77	3658680	10.937	0.630508	5293.27	0.00112824	11.2916	14.776	3.01145
6996	5071.65	3657990	10.9333	1.0565	5292.18	0.00111423	11.1894	13.2057	3.00289
7002	5329.96	3658200	10.9371	1.44898	5295.86	0.00115178	11.8931	12.3844	2.98457
7008	5297.9	3657810	10.9542	1.06251	5296.16	0.00112452	10.7699	12.2348	2.99904
7014	5453.91	3657630	10.9513	0.811884	5291.75	0.00126713	11.8136	13.6586	2.99712
7020	5538.64	3657210	10.9595	0.858384	5295.19	0.00133427	11.1281	14.272	2.99212
7026	5191.43	3656720	10.9607	0.676893	5292.14	0.00140492	11.1408	11.559	3.00306
7032	5326.73	3656290	10.983	0.791672	5291.57	0.00134971	12.066	12.4779	2.98166
7038	5107.11	3655660	10.9885	1.08885	5285.37	0.00135061	11.1013	11.2392	3.00241
7044	5532.68	3655560	11.0039	1.06691	5287.51	0.00125228	9.51012	12.819	2.98252
7050	5416.11	3655310	11.0031	0.902878	5290.84	0.00128896	10.224	14.5383	3.01507
7056	5335.77	3655190	11.0101	0.837273	5286.82	0.00133631	10.4754	14.6258	3.02194
7062	5381.47	3654750	11.0217	0.782221	5286.2	0.00119329	12.4498	13.1091	2.98986
7068	5409.81	3654040	11.039	1.19916	5287.96	0.0011307	10.7664	13.588	3.01966
7074	5227.25	3654020	11.0442	0.843277	5280.54	0.00117565	11.9324	12.1975	3.00351
7080	5118.15	3653670	11.0469	1.19313	5275.39	0.00113211	10.051	11.9915	3.00469
7086	5218.95	3653120	11.049	0.965231	5269.58	0.00119157	10.7325	12.9748	3.00147
7092	5169.96	3652910	11.0684	1.03749	5271.44	0.0010761	11.3127	13.4805	3.00029
7098	5261.86	3652710	11.0649	0.729535	5266.19	0.0010849	10.3572	13.7426	2.9906
7104	5151.8	3652120	11.0755	1.06496	5267.75	0.00115727	12.2821	14.117	3.0055
7110	5336.94	3651990	11.0822	1.33481	5269.67	0.00112603	10.3824	11.6342	3.0032
7116	5193.62	3652020	11.0906	0.97514	5276.9	0.00120725	11.5395	11.9161	2.99456
7122	5169.9	3651860	11.1018	0.72298	5277.34	0.00117205	9.67496	14.0861	2.99838
7128	5274.38	3651040	11.1192	0.86039	5279.23	0.00104962	10.4028	14.4143	3.00486
7134	5281.44	3650460	11.1304	1.03814	5283.51	0.00100812	11.4829	12.6599	3.01083
7140	5402.59	3650670	11.1228	0.776772	5284.64	0.00111073	10.9419	13.2682	2.99311
7146	5165.1	3649880	11.1303	1.09969	5279.46	0.00106363	9.324	11.7748	2.9774
7152	5213.55	3650120	11.1461	1.2246	5282.83	0.00095671	9.81472	12.9369	2.99268
7158	5315.18	3649610	11.1572	0.956984	5283.99	0.000896535	9.94544	13.5231	2.99301
7164	5183.73	3648810	11.1623	0.967297	5285.91	0.00103062	11.0796	12.3477	3.01071
7170	5319.39	3648800	11.1642	0.837077	5291.03	0.00110224	12.3259	12.9333	3.00728
7176	5204.94	3648650	11.1654	0.861666	5286.6	0.00120935	11.818	15.4322	3.00473
7182	5203.22	3648110	11.1648	0.526852	5290.9	0.00131126	10.3584	12.9179	3.00535
7188	5429.19	3648050	11.1745	0.765357	5297.63	0.00129583	11.7187	12.679	2.99195
7194	5433.93	3647410	11.1904	0.940202	5292.01	0.00136248	12.9222	13.8946	2.99816
7200	5307.8	3646900	11.1897	0.955302	5291.28	0.0014343	11.0734	11.3932	2.98007
7206	5256.2	3646590	11.1999	1.28654	5292.19	0.00145454	10.854	13.7846	2.97585
